namn,init,kon,yrke,tid,ort,rader,antal,kon2,arh
Edith Södergran,ES,kvinna,poet,1900-tal,Sankt Petersburg,100936,1,2,19
Zacharias Topelius,ZT,man,barnboksförfattare,1800-tal,Kuddnäs,61953,1,1,18
Jörn Donner,JD,man,filmkritiker,1900-tal,Helsingfors,35122,1,1,19
Carl Rudenschöld,CR,man,diplomat,1700-tal,Åbo,34084,1,1,17
Tove Jansson,TJ,kvinna,barnboksförfattare,1900-tal,Helsingfors,33261,1,2,19
Jean Sibelius,JS,man,musikvetare,1800-tal,Tavastehus,31360,1,1,18
Joel Pettersson,JP,man,målare,1900-tal,Lemland,28571,1,1,19
Gustaf Henrik Mellin,GHM,man,poet,1800-tal,Revolax,26215,1,1,18
Gustaf Mauritz Armfelt,GMA,man,diplomat,1700-tal,Marttila,24812,1,1,17
Mauritz Stiller,MS,man,regissör,1900-tal,Helsingfors,24748,1,1,19
Gustaf Mannerheim,GM,man,upptäcktsresande,1800-tal,Borgå,24037,1,1,18
Adolf Erik Nordenskiöld,AEN,man,polarforskare,1800-tal,Helsingfors,21779,1,1,18
Lill Lindfors,LL,kvinna,sångare,1900-tal,Helsingfors,21740,1,2,19
Göran Magnus Sprengtporten,GMS,man,politiker,1700-tal,Borgå,20352,1,1,17
Johan Ludvig Runeberg,JLR,man,psalmförfattare,1800-tal,Jakobstad,18389,1,1,18
Pehr Kalm,PK,man,upptäcktsresande,1700-tal,Själevads församling,17481,1,1,17
Arvid Horn,AH,man,diplomat,1600-tal,Halikko,17106,1,1,16
Stina Ekblad,SE,kvinna,skådespelare,1900-tal,Solf,16895,1,2,19
Edith Erastoff,EE,kvinna,skådespelare,1900-tal,Helsingfors,16172,1,2,19
Frans Michael Franzén,FMF,man,psalmförfattare,1800-tal,Uleåborg,15959,1,1,18
Alma Söderhjelm,AS,kvinna,författare,1900-tal,Viborg,15810,1,2,19
Knut Lindberg,KL,man,brottare,1900-tal,Ingå,15537,1,1,19
Gustaf Adolf Reuterholm,GAR,man,politiker,1700-tal,Sjundeå,15443,1,1,17
Kotti Chave,KC,man,skådespelare,1900-tal,Helsingfors,15306,1,1,19
Märta Tikkanen,MT,kvinna,filosof,1900-tal,Helsingfors,15046,1,2,19
Elin Danielson-Gambogi,ED,kvinna,målare,1800-tal,Norrmark,14839,1,2,18
Henry Parland,HP,man,författare,1900-tal,Viborg,14538,1,1,19
Gustaf Estlander,GE,man,skridskoåkare,1900-tal,Helsingfors,14355,1,1,19
Hagar Olsson,HO,kvinna,litteraturkritiker,1900-tal,Gustavs,13569,1,2,19
Fredrik Cygnæus,FC,man,litteraturkritiker,1800-tal,Tavastehus,13498,1,1,18
Hilma Granqvist,HG,kvinna,antropolog,1900-tal,Sibbo,13456,1,2,19
Nasty Suicide,NS,man,gitarrist,1900-tal,Sibbo,13256,1,1,19
Bernhard Crusell,BC,man,självbiograf,1800-tal,Nystad,13126,1,1,18
Birgit Sergelius,BS,kvinna,skådespelare,1900-tal,Helsingfors,13098,1,2,19
Juha Widing,JW,man,ishockeyspelare,1900-tal,Uleåborg,13032,1,1,19
Sune Mangs,SM,man,TV-skådespelare,1900-tal,Kaskö,12921,1,1,19
Ernst Linder,EL,man,dressyrryttare,1800-tal,Pojo,12908,1,1,18
Kjell Westö,KW,man,journalist,1900-tal,Helsingfors,12896,1,1,19
Lars Huldén,LH,man,lingvist,1900-tal,Jakobstad,12870,1,1,19
Tomas Sandström,TS,man,ishockeyspelare,1900-tal,Jakobstad,12740,1,1,19
Göran Hägglund,GH,man,politiker,1900-tal,Degerfors,12672,1,1,19
Leo Komarov,LK,man,ishockeyspelare,2000-tal,Narva,12580,1,1,20
Karl August Tavaststjerna,KAT,man,poet,1800-tal,S:t Michel,12445,1,1,18
Tua Forsström,TF,kvinna,poet,1900-tal,Borgå,12442,1,2,19
Rafael Hertzberg,RH,man,sångtextförfattare,1800-tal,Åbo,12281,1,1,18
Werner Söderhjelm,WS,man,romanist,1800-tal,Viborg,12259,1,1,18
Jarl Hemmer,JH,man,översättare,1900-tal,Vasa,11994,1,1,19
Anders Chydenius,AC,man,filosof,1700-tal,Sotkamo,11977,1,1,17
Daniel Sjölund,DS,man,fotbollsspelare,2000-tal,Finström,11839,1,1,20
Abraham Niclas Edelcrantz,ANE,man,översättare,1700-tal,Åbo,11580,1,1,17
Elmer Diktonius,ED,man,författare,1900-tal,Helsingfors,11556,1,1,19
Willy Kyrklund,WK,man,dramatiker,1900-tal,Helsingfors,11553,1,1,19
Fredrika Runeberg,FR,kvinna,journalist,1800-tal,Jakobstad,11394,1,2,18
Emil Zilliacus,EZ,man,författare,1900-tal,Tammerfors,11130,1,1,19
Carl David Skogman,CDS,man,översättare,1800-tal,Lovisa,11057,1,1,18
Oskar Silén,OS,man,skådespelare,2000-tal,Helsingfors,10978,1,1,20
Leif Rantala,LR,man,lingvist,1900-tal,Liljendal,10754,1,1,19
Harry Järv,HJ,man,filosof,1900-tal,Karperö,10655,1,1,19
Mark Levengood,ML,man,journalist,1900-tal,Marine Corps Base Camp Lejeune,10504,1,1,19
Bo Carpelan,BC,man,barnboksförfattare,1900-tal,Helsingfors,10478,1,1,19
Helena Westermarck,HW,kvinna,målare,1800-tal,Helsingfors,10336,1,2,18
John Vikström,JV,man,präst,1900-tal,Kronoby,10229,1,1,19
Jac Ahrenberg,JA,man,konstkritiker,1800-tal,Viborg,10214,1,1,18
Gunnar Björling,GB,man,dramatiker,1900-tal,Helsingfors,10103,1,1,19
Linus Torvalds,LT,man,programmerare,1900-tal,Helsingfors,10097,1,1,19
Irmelin Sandman Lilius,ISL,kvinna,barnboksförfattare,1900-tal,Helsingfors,10077,1,2,19
Lars Sonck,LS,man,stadsplanerare,1900-tal,Kelviå,9902,1,1,19
Victor Westerholm,VW,man,målare,1800-tal,Åbo,9804,1,1,18
Jacob Frese,JF,man,kanslist,1700-tal,Viborg,9754,1,1,17
Alexandra Gripenberg,AG,kvinna,offentlig person,1800-tal,Kronoborg,9737,1,2,18
Adolf Fredrik Munck,AFM,man,aristokrat,1700-tal,Rantasalmi,9631,1,1,17
Robert Tigerstedt,RT,man,fysiolog,1800-tal,Helsingfors,9546,1,1,18
Sean Bergenheim,SB,man,ishockeyspelare,2000-tal,Helsingfors,9541,1,1,20
Helene Schjerfbeck,HS,kvinna,målare,1800-tal,Helsingfors,9499,1,2,18
Sickan Castegren,SC,kvinna,sångare,1900-tal,Helsingfors,9468,1,2,19
Guss Mattsson,GM,man,journalist,1900-tal,Bremerhaven,9436,1,1,19
Linda Lampenius,LL,kvinna,fotomodell,2000-tal,Helsingfors,9416,1,2,20
Vivica Bandler,VB,kvinna,teaterregissör,1900-tal,Helsingfors,9314,1,2,19
Bertel Gripenberg,BG,man,översättare,1900-tal,Sankt Petersburg,9190,1,1,19
Arvid Mörne,AM,man,översättare,1900-tal,Kuopio,9175,1,1,19
Johan Vilhelm Snellman,JVS,man,filosof,1800-tal,Stockholm,9168,1,1,18
Birger Carlstedt,BC,man,målare,1900-tal,Helsingfors,9159,1,1,19
Odo Reuter,OR,man,entomolog,1800-tal,Åbo,9077,1,1,18
Carl Johan Adlercreutz,CJA,man,officerare,1700-tal,Kiala,9020,1,1,17
Anna Bondestam,AB,kvinna,översättare,1900-tal,Jakobstad,9013,1,2,19
Solveig von Schoultz,SvS,kvinna,poet,1900-tal,Borgå,8954,1,2,19
Volmar Lindman,VL,man,poet,1800-tal,Åbo,8892,1,1,18
Robert Helenius,RH,man,boxare,2000-tal,Stockholm,8889,1,1,20
Georg August Wallin,GAW,man,upptäcktsresande,1800-tal,Sund,8860,1,1,18
Fredrik Jensen,FJ,man,fotbollsspelare,2000-tal,Borgå,8734,1,1,20
Yrsa Stenius,YS,kvinna,journalist,1900-tal,Helsingfors,8725,1,2,19
Wilhelm von Wright,WvW,man,tecknare,1800-tal,Kuopio landskommun,8641,1,1,18
Albert Edelfelt,AE,man,målare,1800-tal,Kiala gård,8430,1,1,18
Björn Wahlroos,BW,man,bankman,1900-tal,Helsingfors,8375,1,1,19
Carl Gustaf Estlander,CGE,man,litteraturvetare,1800-tal,Kristinestad,8338,1,1,18
Ralf Parland,RP,man,författare,1900-tal,Viborg,8292,1,1,19
Sigrid Backman,SB,kvinna,skribent,1900-tal,Helsingfors,8208,1,2,19
Walentin Chorell,WC,man,författare,1900-tal,Åbo,8134,1,1,19
Carl Olof Cronstedt,COC,man,militär,1700-tal,Helsingfors,8051,1,1,17
Gustaf John Ramstedt,GJR,man,lingvist,1900-tal,Ekenäs,8029,1,1,19
Henning Söderhjelm,HS,man,översättare,1900-tal,Helsingfors,8019,1,1,19
Mikael Lybeck,ML,man,målare,1800-tal,Nykarleby,8010,1,1,18
Alexander Stubb,AS,man,diplomat,1900-tal,Helsingfors,7967,1,1,19
Hugo Gyldén,HG,man,universitetslärare,1800-tal,Helsingfors,7959,1,1,18
Adelaïde Ehrnrooth,AE,kvinna,författare,1800-tal,Nastola,7941,1,2,18
Björn Kurtén,BK,man,paleontolog,1900-tal,Vasa,7895,1,1,19
Ulla Olin-Nilson,UO,kvinna,poet,1900-tal,Tenala,7871,1,2,19
Barbara Mattsson,BM,kvinna,psykoanalytiker,1900-tal,Helsingfors,7863,1,2,19
Ingvar Dahlbacka,ID,man,präst,1900-tal,Terjärv,7725,1,1,19
Olof Enckell,OE,man,översättare,1900-tal,Kronoborg,7630,1,1,19
Annie Furuhjelm,AF,kvinna,journalist,1800-tal,Sitka,7585,1,2,18
Carl-Adam Nycop,CN,man,journalist,1900-tal,Helsingfors,7510,1,1,19
Christoffer Strandberg,CS,man,röstskådespelare,2000-tal,Sjundeå,7385,1,1,20
Karl H. Wiik,KHW,man,journalist,1900-tal,Helsingfors,7380,1,1,19
Gustaf af Wetterstedt,GaW,man,politiker,1800-tal,Vasa,7260,1,1,18
Claes Andersson,CA,man,jazzmusiker,1900-tal,Helsingfors,7206,1,1,19
Maria Sid,MS,kvinna,skådespelare,1900-tal,Finland,7182,1,2,19
Leif Segerstam,LS,man,violinist,1900-tal,Vasa,6961,1,1,19
George Gé,GG,man,koreograf,1900-tal,Sankt Petersburg,6953,1,1,19
Håkan von Eichwald,HvE,man,filmmusikkompositör,1900-tal,Åbo,6851,1,1,19
Runar Schildt,RS,man,författare,1900-tal,Helsingfors,6806,1,1,19
Gösta Ågren,GÅ,man,filmregissör,1900-tal,Nykarleby,6792,1,1,19
Kyra Kyrklund,KK,kvinna,dressyrryttare,1900-tal,Helsingfors,6791,1,2,19
Åke Lindman,ÅL,man,filmskådespelare,1900-tal,Helsingfors,6782,1,1,19
Akseli Gallen-Kallela,AG,man,gravör,1800-tal,Björneborg,6753,1,1,18
Christer Kihlman,CK,man,skribent,1900-tal,Helsingfors,6747,1,1,19
Birgitta Boucht,BB,kvinna,skribent,1900-tal,Helsingfors,6725,1,2,19
Johanna Koljonen,JK,kvinna,serieskapare,2000-tal,Helsingfors,6702,1,2,20
Adolf Ivar Arwidsson,AIA,man,journalist,1800-tal,Padasjoki,6679,1,1,18
Janne Holmén,JH,man,maratonlöpare,2000-tal,Jomala,6663,1,1,20
Olof Landström,OL,man,illustratör,1900-tal,Åbo,6629,1,1,19
Emil von Qvanten,EvQ,man,poet,1800-tal,Björneborg,6539,1,1,18
Li Andersson,LA,kvinna,politiker,2000-tal,Åbo,6521,1,2,20
Siri von Essen,SvE,kvinna,scenskådespelare,1800-tal,Jakob och Johannes församling,6508,1,2,18
Ulla-Lena Lundberg,UL,kvinna,poet,1900-tal,Kökar,6486,1,2,19
Ida Brander,IB,kvinna,skådespelare,1800-tal,Stockholm,6465,1,2,18
Linda Sällström,LS,kvinna,fotbollsspelare,2000-tal,Kyrkslätt,6435,1,2,20
Pehr Evind Svinhufvud,PES,man,politiker,1800-tal,Sääksmäki,6388,1,1,18
Birgit Kronström,BK,kvinna,sångare,1900-tal,Helsingfors,6386,1,2,19
Leo Mechelin,LM,man,bankman,1800-tal,Fredrikshamn,6381,1,1,18
Johan Jakob Nordström,JJN,man,politiker,1800-tal,Åbo,6359,1,1,18
Tito Colliander,TC,man,poet,1900-tal,Sankt Petersburg,6345,1,1,19
Per Otto Adelborg,POA,man,konstnär,1800-tal,Lovisa,6324,1,1,18
Amos Anderson,AA,man,journalist,1900-tal,Kimito kommun,6290,1,1,19
Mikael Kihlman,MK,man,målare,1900-tal,Uppsala,6264,1,1,19
Thomas Warburton,TW,man,översättare,1900-tal,Vasa,6258,1,1,19
Barbara Helsingius,BH,kvinna,fäktare,1900-tal,Helsingfors,6237,1,2,19
Kalle Hägglund,KH,man,förläggare,1900-tal,Oravais,6200,1,1,19
Kasper Hämäläinen,KH,man,fotbollsspelare,2000-tal,Åbo,6122,1,1,20
Johan Arckenholtz,JA,man,historiker,1700-tal,Helsingfors,6115,1,1,17
Peter Sandelin,PS,man,målare,1900-tal,Jakobstad,6102,1,1,19
Nils Torvalds,NT,man,journalist,1900-tal,Ekenäs,6096,1,1,19
Erik Kiviniemi,EK,man,regissör,1900-tal,Oravais,6083,1,1,19
Rabbe Enckell,RE,man,målare,1900-tal,Tammela,6070,1,1,19
Gunnar Bärlund,GB,man,boxare,1900-tal,Helsingfors,6066,1,1,19
Josef Julius Wecksell,JJW,man,dramatiker,1800-tal,Åbo,6031,1,1,18
Merete Mazzarella,MM,kvinna,universitetslärare,1900-tal,Helsingfors,5997,1,2,19
Mikael Forssell,MF,man,fotbollsspelare,2000-tal,Steinfurt,5991,1,1,20
Sandra Eriksson,SE,kvinna,medeldistanslöpare,2000-tal,Nykarleby,5984,1,2,20
Torsten Stålhandske,TS,man,officerare,1600-tal,Borgå,5945,1,1,16
Mats Löfström,ML,man,politiker,2000-tal,Eckerö,5920,1,1,20
Edvard Robert Gummerus,ERG,man,översättare,1900-tal,Helsingfors,5891,1,1,19
Joakim Groth,JG,man,romanförfattare,1900-tal,Stockholm,5882,1,1,19
Christina Andersson,CA,kvinna,barnboksförfattare,1900-tal,Åbo,5866,1,2,19
Magnus Enckell,ME,man,målare,1900-tal,Fredrikshamn,5837,1,1,19
Örnulf Tigerstedt,ÖT,man,politiker,1900-tal,Helsingfors,5816,1,1,19
Johan Fredrik Aminoff,JFA,man,politiker,1700-tal,Rilax gård,5807,1,1,17
Birgitta Ulfsson,BU,kvinna,skådespelare,1900-tal,Helsingfors,5771,1,2,19
Rasmus Schüller,RS,man,fotbollsspelare,2000-tal,Esbo,5750,1,1,20
Aurora Karamzin,AK,kvinna,hovdam,1800-tal,Björneborg,5649,1,2,18
Maria Turtschaninoff,MT,kvinna,skribent,2000-tal,Helsingfors,5615,1,2,20
Valdemar Nyman,VN,man,präst,1900-tal,Vasa,5602,1,1,19
Robin Wikman,RW,man,fotbollsspelare,2000-tal,Helsingfors,5570,1,1,20
Ferdinand von Wright,FvW,man,tecknare,1800-tal,Kuopio,5554,1,1,18
Fredrik Lång,FL,man,skribent,1900-tal,Närpes,5548,1,1,19
Carl-Gustav Groth,CG,man,forskare,1900-tal,Helsingfors,5481,1,1,19
André Wickström,AW,man,TV-skådespelare,2000-tal,Sibbo,5465,1,1,20
Bengt Ahlfors,BA,man,regissör,1900-tal,Helsingfors,5460,1,1,19
Peter Snickars,PS,man,filmregissör,1900-tal,Vasa,5460,1,1,19
Hugo Simberg,HS,man,skulptör,1900-tal,Fredrikshamn,5443,1,1,19
Anni Blomqvist,AB,kvinna,romanförfattare,1900-tal,Vårdö,5402,1,2,19
Isac Elliot,IE,man,singer-songwriter,2000-tal,Grankulla,5402,1,1,20
Åke Henriksson Tott,ÅHT,man,politiker,1600-tal,Nyland,5370,1,1,16
Fredrik Gabriel Hedberg,FGH,man,psalmförfattare,1800-tal,Salois,5353,1,1,18
Josefina Bengts,JB,kvinna,skribent,1900-tal,Pernå,5320,1,2,19
Carl Haglund,CH,man,politiker,2000-tal,Esbo,5315,1,1,20
Karl Langenskiöld,KL,man,bankman,1800-tal,Pau,5311,1,1,18
Stefan Wallin,SW,man,politiker,1900-tal,Vasa,5304,1,1,19
Oscar Parland,OP,man,författare,1900-tal,Kiev,5303,1,1,19
Lorenz von Numers,LvN,man,översättare,1900-tal,Åbo,5302,1,1,19
Monika Fagerholm,MF,kvinna,skribent,1900-tal,Helsingfors,5297,1,2,19
Odal Ottelin,OO,man,filolog,1800-tal,Karleby,5269,1,1,18
Hanna Rönnberg,HR,kvinna,målare,1800-tal,Tavastehus,5263,1,2,18
Eva-Stina Byggmästar,EB,kvinna,poet,1900-tal,Jakobstad,5261,1,2,19
Selim Lemström,SL,man,fysiker,1800-tal,Ingå,5224,1,1,18
Yrjö Sakari Yrjö-Koskinen,YSY,man,historiker,1800-tal,Vasa,5204,1,1,18
Ralf Långbacka,RL,man,filmregissör,1900-tal,Närpes,5151,1,1,19
Ragnar Granit,RG,man,neurobiolog,1900-tal,Riihimäki,5142,1,1,19
Pernilla Karlsson,PK,kvinna,sångare,2000-tal,Sjundeå,5140,1,2,20
Ina Lange,IL,kvinna,pianist,1800-tal,Helsingfors,5139,1,2,18
Stina Rautelin,SR,kvinna,regissör,1900-tal,Helsingfors,5133,1,2,19
Magnus von Wright,MvW,man,tecknare,1800-tal,Kuopio,5101,1,1,18
Marianne Backlén,MB,kvinna,skribent,1900-tal,Helsingfors,5100,1,2,19
Moira von Wright,MvW,kvinna,rektor,1900-tal,Helsingfors,5072,1,2,19
Henrik Cederlöf,HC,man,litteraturhistoriker,1900-tal,Helsingfors,5057,1,1,19
Helmi Sjöstrand,HS,kvinna,målare,1800-tal,Helsingfors,5047,1,2,18
Constance Hultin,CH,kvinna,skribent,1800-tal,Hammarland,5009,1,2,18
Georg Henrik von Wright,GHvW,man,filosof,1900-tal,Helsingfors,5001,1,1,19
Axel Olof Freudenthal,AOF,man,filolog,1800-tal,Sjundeå,4966,1,1,18
Kjell Carlström,KC,man,tävlingscyklist,2000-tal,Borgå,4965,1,1,20
Jacob Tegengren,JT,man,arkeolog,1900-tal,Vasa,4953,1,1,19
Clas Thunberg,CT,man,skridskoåkare,1900-tal,Helsingfors,4941,1,1,19
Theodor Nordström,TN,man,geolog,1800-tal,Helsingfors,4938,1,1,18
Johannes,J,man,präst,1900-tal,Åbo,4930,1,1,19
Jacob Tengström,JT,man,historiker,1700-tal,Karleby,4923,1,1,17
Alexander Järnefelt,AJ,man,kartograf,1800-tal,Tohmajärvi,4918,1,1,18
Harriet Clayhills,HC,kvinna,journalist,1900-tal,Åbo,4911,1,2,19
Håkan Tollet,HT,man,journalist,1900-tal,Viborg,4898,1,1,19
Ralf Andtbacka,RA,man,litteraturkritiker,1900-tal,Kronoby,4893,1,1,19
Johan Fredrik Carpelan,JFC,man,militär,1700-tal,Halikko,4887,1,1,17
Sebastian Lybeck,SL,man,översättare,1900-tal,Helsingfors,4874,1,1,19
Veronica Leo,VL,kvinna,illustratör,1900-tal,Helsingfors,4855,1,2,19
Conny Karlsson,CK,man,friidrottare,2000-tal,Dragsfjärd,4810,1,1,20
John William Nylander,JWN,man,vapensmugglare,1800-tal,Ekenäs,4797,1,1,18
E.N. Tigerstedt,ET,man,docent,1900-tal,Warszawa,4754,1,1,19
Johan Otto Söderhjelm,JOS,man,politiker,1900-tal,Helsingfors,4749,1,1,19
Gunnar Henriksson,GH,man,journalist,1900-tal,Helsingfors,4726,1,1,19
Jani Lyyski,JL,man,fotbollsspelare,2000-tal,Mariehamn,4714,1,1,20
Sara Wacklin,SW,kvinna,lärare,1800-tal,Uleåborg,4709,1,2,18
Jacob Söderman,JS,man,politiker,1900-tal,Helsingfors,4703,1,1,19
Henrika Andersson,HA,kvinna,skribent,1900-tal,Ekenäs,4694,1,2,19
Mårten Westö,MW,man,journalist,1900-tal,Helsingfors,4647,1,1,19
Rut Forsblom,RF,kvinna,skribent,1900-tal,Lunds Allhelgonaförsamling,4580,1,2,19
Otto Andersson,OA,man,musiketnolog,1900-tal,Vårdö,4575,1,1,19
Johan Gadolin,JG,man,mineralog,1700-tal,Åbo,4531,1,1,17
Eva Biaudet,EB,kvinna,politiker,1900-tal,Helsingfors,4511,1,2,19
Paradise Oskar,PO,man,singer-songwriter,2000-tal,Kyrkslätt,4510,1,1,20
Erik Allardt,EA,man,sociolog,1900-tal,Helsingfors,4503,1,1,19
Eric Tigerstedt,ET,man,uppfinnare,1900-tal,Helsingfors,4500,1,1,19
Sally Salminen,SS,kvinna,skribent,1900-tal,Vårdö,4458,1,2,19
Aleko Lilius,AL,man,journalist,1900-tal,Helsingfors,4458,1,1,19
Jessica Grabowsky,JG,kvinna,filmskådespelare,2000-tal,Siilinjärvi,4457,1,2,20
Bjarne Kallis,BK,man,politiker,1900-tal,Karleby,4453,1,1,19
Markus Halsti,MH,man,fotbollsspelare,2000-tal,Helsingfors,4445,1,1,20
Agneta Enckell,AE,kvinna,poet,1900-tal,Helsingfors,4444,1,2,19
Redrama,R,man,rappare,2000-tal,Helsingfors,4438,1,1,20
Iiris Viljanen,IV,kvinna,pianist,2000-tal,Korsholm,4416,1,2,20
Otto Donner,OD,man,lingvist,1800-tal,Karleby,4382,1,1,18
Fredrik Norrena,FN,man,ishockeyspelare,2000-tal,Jakobstad,4364,1,1,20
Selma Riégo,SR,kvinna,skådespelare,1800-tal,Tammerfors,4360,1,2,18
Susanne Ringell,SR,kvinna,poet,1900-tal,Helsingfors,4353,1,2,19
Carl Gustaf Mannerheim,CGM,man,entomolog,1800-tal,Villnäs,4352,1,1,18
Benedict Zilliacus,BZ,man,översättare,1900-tal,Helsingfors,4342,1,1,19
Janina Orlov,JO,kvinna,översättare,1900-tal,Finland,4336,1,2,19
Henrik Klingenberg,HK,man,keyboardspelare,2000-tal,Mariehamn,4334,1,1,20
Gustaf Erikson,GE,man,redare,1900-tal,Lemland,4315,1,1,19
Kent Sjöman,KS,man,TV-skådespelare,1900-tal,Linköping,4309,1,1,19
Lars Stenbäck,LS,man,sångtextförfattare,1800-tal,Kuortane,4302,1,1,18
Eugen Malmstén,EM,man,sångare,1900-tal,Helsingfors,4301,1,1,19
Bosse Österberg,BÖ,man,sångare,1900-tal,Helsingfors,4261,1,1,19
Wilhelm Ramsay,WR,man,geolog,1800-tal,Dragsfjärd,4249,1,1,18
Inga-Britt Wik,IW,kvinna,poet,1900-tal,Vasa,4237,1,2,19
Stefan Ingves,SI,man,bankman,1900-tal,Åbo,4215,1,1,19
Walter Runeberg,WR,man,skulptör,1800-tal,Borgå,4212,1,1,18
Georg Malmstén,GM,man,sångare,1900-tal,Helsingfors,4205,1,1,19
Erik Alexander Ingman,EAI,man,gynekolog,1800-tal,Lochteå,4170,1,1,18
Marcus Grönholm,MG,man,rallyförare,1900-tal,Grankulla,4159,1,1,19
Viveka Eriksson,VE,kvinna,politiker,1900-tal,Föglö,4148,1,2,19
Oscar Nikula,ON,man,historiker,1900-tal,Vasa,4127,1,1,19
Carl Fredrik Meinander,CFM,man,antropolog,1900-tal,Helsingfors,4116,1,1,19
Johan Wilhelm Runeberg,JWR,man,universitetslärare,1800-tal,Borgå,4101,1,1,18
Konrad Tallroth,KT,man,filmregissör,1900-tal,Nurmo,4099,1,1,19
Lars Gabriel von Haartman,LGvH,man,politiker,1800-tal,Åbo,4097,1,1,18
Toni Söderholm,TS,man,ishockeyspelare,2000-tal,Grankulla,4079,1,1,20
Leif Wager,LW,man,filmskådespelare,1900-tal,Helsingfors,4074,1,1,19
Anna-Lena Laurén,AL,kvinna,journalist,2000-tal,Pargas stad,4072,1,2,20
Mats Lillhannus,ML,man,sångare,2000-tal,Korsholm,4061,1,1,20
Marguerite Walfridson,MW,kvinna,tecknare,1900-tal,Borgå,4043,1,2,19
Bengt Holmqvist,BH,man,journalist,1900-tal,Åbo,4032,1,1,19
Viktor Magnus von Born,VMvB,man,politiker,1800-tal,Helsingfors,4026,1,1,18
Karl Fazer,KF,man,sportskytt,1800-tal,Helsingfors,4016,1,1,18
Fredric von Rettig,FvR,man,fabrikör,1800-tal,Gävle Heliga Trefaldighets församling,4004,1,1,18
Hugo Ekhammar,HE,man,skribent,1900-tal,Helsingfors,3977,1,1,19
Tim Sparv,TS,man,fotbollsspelare,2000-tal,Oravais,3968,1,1,20
Lasse Mårtenson,LM,man,pianist,1900-tal,Helsingfors,3955,1,1,19
Eric Anthoni,EA,man,genealog,1900-tal,Helsingfors,3951,1,1,19
Signe Brander,SB,kvinna,fotograf,1800-tal,Parkano,3945,1,2,18
Christian Sibelius,CS,man,cellist,1800-tal,Tavastehus,3940,1,1,18
Marita Lindquist,ML,kvinna,barnboksförfattare,1900-tal,Helsingfors,3936,1,2,19
Arvid Adolf Etholén,AAE,man,upptäcktsresande,1800-tal,Helsingfors,3922,1,1,18
Lennart Hohenthal,LH,man,aktivist,1900-tal,Kurikka,3910,1,1,19
Fredrik Nordback,FN,man,fotbollsspelare,2000-tal,Hangö,3906,1,1,20
Kaj Korkea-aho,KK,man,journalist,2000-tal,Esse,3898,1,1,20
Anders Johan Lexell,AJL,man,universitetslärare,1700-tal,Åbo,3896,1,1,17
Johan Bargum,JB,man,regissör,1900-tal,Helsingfors,3896,1,1,19
Marcus Rantala,MR,man,politiker,2000-tal,Vasa,3887,1,1,20
Lars Sund,LS,man,skribent,1900-tal,Jakobstad,3871,1,1,19
Leif Salmén,LS,man,journalist,1900-tal,Helsingfors,3861,1,1,19
Bo Strömstedt,BS,man,förläggare,1900-tal,Vasa,3846,1,1,19
Sanna Tahvanainen,ST,kvinna,skribent,2000-tal,Dragsfjärd,3832,1,2,20
Henrik Tikkanen,HT,man,illustratör,1900-tal,Helsingfors,3811,1,1,19
Christer Boucht,CB,man,upptäcktsresande,1900-tal,Vasa,3810,1,1,19
Krista Siegfrids,KS,kvinna,TV-programledare,2000-tal,Kaskö,3804,1,2,20
Hans Ruin,HR,man,estetiker,1900-tal,Helsingfors,3795,1,1,19
Otto Julius Hagelstam,OJH,man,kartograf,1800-tal,Nagu,3785,1,1,18
Johannes Salminen,JS,man,skribent,1900-tal,Hammarland,3768,1,1,19
Thomas Wulff,TW,man,författare,1900-tal,Helsingfors,3736,1,1,19
Johannes Nordström,JN,man,fotbollsspelare,2000-tal,Örebro,3725,1,1,20
Gustav Björkstrand,GB,man,politiker,1900-tal,Karleby,3722,1,1,19
Emil Cedercreutz,EC,man,silhuettklippare,1900-tal,Kjuloholm,3703,1,1,19
Martin Wegelius,MW,man,musikpedagog,1800-tal,Helsingfors,3698,1,1,18
Christina Gestrin,CG,kvinna,politiker,1900-tal,Helsingfors,3694,1,2,19
Nils Nordenskiöld,NN,man,mineralog,1800-tal,Mäntsälä,3691,1,1,18
Niklas Häggblom,NH,man,skådespelare,1900-tal,Lovisa,3686,1,1,19
Kai Söderhjelm,KS,man,bibliotekarie,1900-tal,Helsingfors,3682,1,1,19
Kristian Gullichsen,KG,man,arkitekt,1900-tal,Helsingfors,3669,1,1,19
Ole Torvalds,OT,man,journalist,1900-tal,Ekenäs,3662,1,1,19
Hans von Rettig,HvR,man,affärsman,1900-tal,Åbo,3655,1,1,19
Tommy Tabermann,TT,man,journalist,1900-tal,Ekenäs,3654,1,1,19
Erik Laxman,EL,man,upptäcktsresande,1700-tal,Nyslott,3653,1,1,17
Allan Schulman,AS,man,regissör,1900-tal,Helsingfors,3648,1,1,19
Brita Hiort af Ornäs,BHaO,kvinna,journalist,1900-tal,Helsingfors,3640,1,2,19
Peter Sandström,PS,man,romanförfattare,1900-tal,Nykarleby,3633,1,1,19
Hans Wind,HW,man,pilot,1900-tal,Ekenäs,3627,1,1,19
Niklas Bäckström,NB,man,ishockeyspelare,2000-tal,Helsingfors,3625,1,1,20
Sigrid Schauman,SS,kvinna,målare,1900-tal,Tjuhujiv,3622,1,2,19
Lennart Segerstråle,LS,man,målare,1900-tal,Vanda,3613,1,1,19
Carl Robert Mannerheim,CRM,man,kammarherre,1800-tal,Viborg,3606,1,1,18
Emma Irene Åström,EIÅ,kvinna,lärare,1800-tal,Tövsala,3603,1,2,18
Rosalba Cederman,RC,kvinna,skribent,1800-tal,Uleåborg,3590,1,2,18
Carl Fredric Nordenskiöld den äldre,CFNd,man,soldat,1700-tal,Savijärvi,3588,1,1,17
Marianne Peltomaa,MP,kvinna,poet,1900-tal,Helsingfors,3581,1,2,19
Sigrid Fick,SF,kvinna,tennisspelare,1900-tal,Helsingfors,3577,1,2,19
Vilhelm Rosenqvist,VR,man,politiker,1800-tal,Lappträsk,3570,1,1,18
Karin Erlandsson,KE,kvinna,journalist,2000-tal,Österbotten,3569,1,2,20
Carl-Eric Thors,CT,man,lingvist,1900-tal,Oravais,3552,1,1,19
Richard Sievers,RS,man,läkare,1800-tal,Helsingfors,3543,1,1,18
Monica Aspelund,MA,kvinna,sångare,1900-tal,Vasa,3536,1,2,19
Kalle Holmberg,KH,man,operaregissör,1900-tal,S:t Michel,3525,1,1,19
Staffan Bruun,SB,man,science fiction-författare,1900-tal,Helsingfors,3508,1,1,19
Thorvald Strömberg,TS,man,kajakist,1900-tal,Kyrkslätt,3501,1,1,19
Nina Åström,NÅ,kvinna,singer-songwriter,1900-tal,Finland,3488,1,2,19
Hans Henrik Gripenberg,HHG,man,officerare,1700-tal,Vittis,3477,1,1,17
Björn-Erik Sundqvist,BS,man,fotbollsspelare,2000-tal,Jakobstad,3472,1,1,20
Olga Torckell,OT,kvinna,journalist,1800-tal,Ingå,3469,1,2,18
Edvard Gylling,EG,man,statistiker,1900-tal,Kuopio,3461,1,1,19
Atos Wirtanen,AW,man,journalist,1900-tal,Saltvik,3451,1,1,19
Jully Ramsay,JR,kvinna,författare,1800-tal,Leppävirta,3448,1,2,18
Dan Berglund,DB,man,musiker,1900-tal,Helsingfors,3445,1,1,19
Henrika Ringbom,HR,kvinna,översättare,1900-tal,Helsingfors,3437,1,2,19
Camilla Gunell,CG,kvinna,politiker,2000-tal,Finland,3429,1,2,20
Dick Idman,DI,man,skådespelare,1900-tal,Helsingfors,3427,1,1,19
Gösta Löfgren,GL,man,fotbollsspelare,1900-tal,Helsingfors,3427,1,1,19
Lars Erik Taxell,LET,man,politiker,1900-tal,Vasa,3424,1,1,19
Greta von Frenckell-Thesleff,GvF,kvinna,översättare,1900-tal,Bjärnå,3398,1,2,19
Sixten Boström,SB,man,fotbollsspelare,1900-tal,Helsingfors,3386,1,1,19
Michel Ekman,ME,man,författare,1900-tal,Helsingfors,3380,1,1,19
Kaj Arnö,KA,man,datavetare,1900-tal,Helsingfors,3365,1,1,19
Johan Mannerheim,JM,man,fabrikör,1800-tal,Villnäs,3361,1,1,18
Marianne Alopaeus,MA,kvinna,skribent,1900-tal,Ekenäs,3358,1,2,19
Lars Ahlfors,LA,man,universitetslärare,1900-tal,Helsingfors,3358,1,1,19
Christian Ruuttu,CR,man,ishockeyspelare,1900-tal,Villmanstrand,3353,1,1,19
Isela Valve,IV,kvinna,skribent,1900-tal,Kimito kommun,3351,1,2,19
Uno Cygnæus,UC,man,pedagog,1800-tal,Tavastehus,3350,1,1,18
Viktor Jansson,VJ,man,skulptör,1900-tal,Helsingfors,3350,1,1,19
Per Olov Jansson,POJ,man,skulptör,1900-tal,Helsingfors,3341,1,1,19
Björn Landström,BL,man,illustratör,1900-tal,Kuopio,3333,1,1,19
Anna-Maja Henriksson,AH,kvinna,politiker,1900-tal,Jakobstad,3331,1,2,19
Birger Wasenius,BW,man,skridskoåkare,1900-tal,Helsingfors,3328,1,1,19
Linda Zilliacus,LZ,kvinna,fotomodell,2000-tal,Helsingfors,3327,1,2,20
Edvard Westermarck,EW,man,essäist,1800-tal,Helsingfors,3317,1,1,18
Catharina Gripenberg,CG,kvinna,poet,2000-tal,Jakobstad,3315,1,2,20
Gun Lanciai,GL,kvinna,skulptör,1900-tal,Borgå,3314,1,2,19
Runar Schauman,RS,man,skådespelare,1900-tal,Loimaa,3312,1,1,19
Bicca Olin,BO,kvinna,politiker,2000-tal,Borgå,3304,1,2,20
Adolf Wilhelm Roos,AWR,man,politiker,1800-tal,Kristinestad,3301,1,1,18
Wilhelm Ingves,WI,man,fotbollsspelare,2000-tal,Lemland,3301,1,1,20
Camilla Roos,CR,kvinna,filmregissör,1900-tal,Gävle,3297,1,2,19
Göran Schauman,GS,man,seglare,1900-tal,Helsingfors,3277,1,1,19
Mikaela Nylander,MN,kvinna,politiker,2000-tal,Borgå,3275,1,2,20
Olaf Homén,OH,man,översättare,1900-tal,Helsingfors,3236,1,1,19
Nino Runeberg,NR,man,esperantist,1900-tal,Rom,3225,1,1,19
Hjallis Harkimo,HH,man,journalist,1900-tal,Helsingfors,3217,1,1,19
Kai Donner,KD,man,lingvist,1900-tal,Helsingfors,3207,1,1,19
Majlis Granlund,MG,kvinna,filmskådespelare,1900-tal,Vasa,3194,1,2,19
Fredrik Idestam,FI,man,bergsingenjör,1800-tal,Tavastehus län,3184,1,1,18
Ami Aspelund,AA,kvinna,sångare,1900-tal,Vasa,3175,1,2,19
Marika Tandefelt,MT,kvinna,lingvist,1900-tal,Helsingfors,3174,1,2,19
Osvald Sirén,OS,man,konsthistoriker,1900-tal,Helsingfors,3172,1,1,19
Kersti Bergroth-Matson,KB,kvinna,journalist,1900-tal,Viborg,3171,1,2,19
Sebastian Strandvall,SS,man,fotbollsspelare,2000-tal,Helsingfors,3164,1,1,20
Elin Blom,EB,kvinna,sångare,2000-tal,Terjärv,3152,1,2,20
Anna Westerlund,AW,kvinna,fotbollsspelare,2000-tal,Pargas stad,3148,1,2,20
Frans Anatolius Sjöström,FAS,man,arkitekt,1800-tal,Åbo,3132,1,1,18
Fredrik Ahlstedt,FA,man,målare,1800-tal,Åbo,3130,1,1,18
Gottfrid Gräsbeck,GG,man,körledare,1900-tal,Åbo,3110,1,1,19
Tobias Zilliacus,TZ,man,filmskådespelare,2000-tal,Helsingfors,3108,1,1,20
Jonna Järnefelt,JJ,kvinna,sångare,1900-tal,Esbo,3097,1,2,19
Björn Vikström,BV,man,präst,1900-tal,Åbo,3076,1,1,19
Jutta Zilliacus,JZ,kvinna,journalist,1900-tal,Helsingfors,3069,1,2,19
Marie Linder,ML,kvinna,skribent,1800-tal,Sankt Petersburg,3067,1,2,18
Adrian Perera,AP,man,romanförfattare,2000-tal,Liljendal,3047,1,1,20
Ernst von Born,EvB,man,politiker,1900-tal,Storfurstendömet Finland,3041,1,1,19
Erik August Hagfors,EAH,man,körledare,1800-tal,Ingå,3039,1,1,18
Carita Nyström,CN,kvinna,skribent,1900-tal,Vasa,3039,1,2,19
Hanna Frosterus-Segerstråle,HF,kvinna,målare,1800-tal,Helsingfors,3024,1,2,18
Rolf Björkholm,RB,man,skådespelare,1900-tal,Oravais,3020,1,1,19
Irina Björklund,IB,kvinna,filmskådespelare,2000-tal,Danderyds kommun,3017,1,2,20
Johanna Holmström,JH,kvinna,journalist,2000-tal,Sibbo,3016,1,2,20
Jan-Magnus Jansson,JJ,man,journalist,1900-tal,Helsingfors,3006,1,1,19
Nanny Cedercreutz,NC,kvinna,författare,1800-tal,Cannes,3004,1,2,18
Ralf Nordgren,RN,man,skribent,1900-tal,Vasa,2974,1,1,19
Anna-Lisa Bäckman,AB,kvinna,journalist,1900-tal,Vasa,2962,1,2,19
Mikael Enckell,ME,man,skribent,1900-tal,Helsingfors,2954,1,1,19
Selma Abrahamsson,SA,kvinna,skribent,1900-tal,Karleby kommun,2946,1,2,19
Cay Sundström,CS,man,diplomat,1900-tal,Fredrikshamn,2937,1,1,19
Ralf Törngren,RT,man,universitetslärare,1900-tal,Uleåborg,2934,1,1,19
Frank Mangs,FM,man,författare,1900-tal,Närpes,2917,1,1,19
Erik Jorpes,EJ,man,biokemist,1900-tal,Kökar,2913,1,1,19
Joachim Zachris Duncker,JZD,man,officerare,1800-tal,Kristina kommun,2898,1,1,18
Carita Järvinen,CJ,kvinna,filmskådespelare,1900-tal,Sibbo,2898,1,2,19
Karl-August Fagerholm,KF,man,journalist,1900-tal,Sjundeå,2869,1,1,19
Dora Wahlroos,DW,kvinna,målare,1900-tal,Björneborg,2859,1,2,19
Agneta Ara,AA,kvinna,poet,1900-tal,Helsingfors,2853,1,2,19
Alexander Ring,AR,man,fotbollsspelare,2000-tal,Helsingfors,2846,1,1,20
Tommy Wirtanen,TW,man,fotbollsspelare,2000-tal,Mariehamn,2833,1,1,20
Lauri Karvonen,LK,man,professor,1900-tal,Uleåborg,2822,1,1,19
Egidius Ginström,EG,man,journalist,1900-tal,Dragsfjärd,2806,1,1,19
Sophia Jansson,SJ,kvinna,konstnärlig ledare,1900-tal,Finland,2788,1,2,19
Gunvor Kerkkonen,GK,kvinna,historiker,1900-tal,Helsingfors,2788,1,2,19
Gunnar Landtman,GL,man,filosof,1900-tal,Helsingfors,2787,1,1,19
Magnus Bahne,MB,man,fotbollsspelare,2000-tal,S:t Karins,2781,1,1,20
Gunnel Steinby,GS,kvinna,skribent,1900-tal,Björneborg,2772,1,2,19
Anders Johan Nordenskiöld,AJN,man,militär,1700-tal,Hitå,2763,1,1,17
Jonas Wilén,JW,man,målare,2000-tal,Eckerö,2761,1,1,20
Jonas Portin,JP,man,fotbollsspelare,2000-tal,Jakobstad,2757,1,1,20
Carl Olof Tallgren,COT,man,politiker,1900-tal,Åbo,2756,1,1,19
Carl Peter Hällström,CPH,man,kartograf,1800-tal,Ilmajoki,2746,1,1,18
Eugen Schauman,ES,man,politiker,1900-tal,Charkiv,2743,1,1,19
Bo Lönnqvist,BL,man,professor,1900-tal,Esbo,2727,1,1,19
Karl Sederholm,KS,man,filosof,1800-tal,Tusby,2725,1,1,18
Nils Brandt,NB,man,skådespelare,1900-tal,Borgå,2719,1,1,19
Theodor Lindh,TL,man,översättare,1800-tal,Borgå,2703,1,1,18
Peter Lodenius,PL,man,journalist,1900-tal,Helsingfors,2700,1,1,19
Jarl Malmgren,JM,man,bandyspelare,1900-tal,Karis,2694,1,1,19
Gustaf von Numers,GvN,man,formgivare,1900-tal,Kangasala,2692,1,1,19
Fredrik Adolf Jägerhorn,FAJ,man,officerare,1700-tal,Vanda,2682,1,1,17
Liselott Willén,LW,kvinna,läkare,2000-tal,Åland,2677,1,2,20
Heidi von Wright,HvW,kvinna,författare,2000-tal,Sibbo,2675,1,2,20
Roger Nordlund,RN,man,politiker,1900-tal,Finland,2663,1,1,19
Hans Martin,HM,man,sångare,1900-tal,Vasa,2656,1,1,19
Elisabeth Rehn,ER,kvinna,politiker,1900-tal,Helsingfors,2651,1,2,19
Lillemor Mannerheim,LM,kvinna,formgivare,1900-tal,Vichtis,2642,1,2,19
Cris af Enehielm,CaE,kvinna,målare,1900-tal,Helsingfors,2637,1,2,19
Johanna von Schoultz,JvS,kvinna,operasångare,1800-tal,Stockholm,2599,1,2,18
Ragnar Ekelund,RE,man,målare,1900-tal,Kangasniemi,2595,1,1,19
Carolus Enckell,CE,man,målare,1900-tal,Helsingfors,2593,1,1,19
Henry Theel,HT,man,sångare,1900-tal,Helsingfors,2589,1,1,19
Berndt Lindholm,BL,man,bildpedagog,1800-tal,Lovisa,2587,1,1,18
Valle Rosenberg,VR,man,målare,1900-tal,Borgå,2585,1,1,19
Folke Wickström,FW,man,arkitekt,1900-tal,Mariehamn,2585,1,1,19
Aili Nordgren,AN,kvinna,poet,1900-tal,Vårdö,2575,1,2,19
Sven Sid,SS,man,skådespelare,1900-tal,Pörtom,2566,1,1,19
Rolf Witting,RW,man,geofysiker,1900-tal,Viborg,2542,1,1,19
Philip Teir,PT,man,journalist,2000-tal,Jakobstad,2540,1,1,20
Rainer Stenius,RS,man,friidrottare,1900-tal,Helsingfors,2538,1,1,19
Ylva Ekblad,YE,kvinna,scenskådespelare,1900-tal,Korsholm,2534,1,2,19
Tom Sandell,TS,man,litteraturkritiker,1900-tal,Helsingfors,2534,1,1,19
Mats Huldén,MH,man,sångtextförfattare,1900-tal,Karleby,2528,1,1,19
Mikaela Ingberg,MI,kvinna,spjutkastare,2000-tal,Vasa,2528,1,2,20
August Schauman,AS,man,journalist,1800-tal,Helsingfors,2526,1,1,18
Rabbe Axel Wrede,RAW,man,politiker,1800-tal,Anjala,2516,1,1,18
Karin Neuman-Rahn,KN,kvinna,legitimerad sjuksköterska,1900-tal,Åbo,2514,1,2,19
Viktor Ferdinand Brotherus,VFB,man,bryolog,1800-tal,Sund,2496,1,1,18
Pirkko Lindberg,PL,kvinna,skribent,1900-tal,Vesilahti,2495,1,2,19
Pär Stenbäck,PS,man,diplomat,1900-tal,Borgå,2491,1,1,19
Henrik Meinander,HM,man,journalist,1900-tal,Helsingfors,2474,1,1,19
Maria Antas,MA,kvinna,författare,1900-tal,Borgå,2465,1,2,19
Rafael Karsten,RK,man,upptäcktsresande,1900-tal,Karttula,2464,1,1,19
Ann Christine Nyström,ACN,kvinna,sångare,1900-tal,Helsingfors,2461,1,2,19
Per-Erik Lönnfors,PL,man,journalist,1900-tal,Helsingfors,2457,1,1,19
Carl Johan Gerss,CJG,man,köpman,1800-tal,Vasa,2443,1,1,18
Stefan Löfving,SL,man,militär,1700-tal,Narva,2441,1,1,17
Berndt Lindfors,BL,man,artistisk gymnast,1900-tal,Helsingfors,2434,1,1,19
Hjalmar Munsterhjelm,HM,man,målare,1800-tal,Tulois,2425,1,1,18
Fred Karlsson,FK,man,lingvist,1900-tal,Åbo,2421,1,1,19
Torsten Steinby,TS,man,journalist,1900-tal,Helsingfors,2418,1,1,19
Mika Niskala,MN,man,fotbollsspelare,2000-tal,Mariehamn,2412,1,1,20
Katie Eriksson (vårdvetare),KE(,kvinna,huvudlärare,1900-tal,Jakobstad,2396,1,2,19
Waldemar Schauman,WS,man,politiker,1800-tal,Helsingfors,2394,1,1,18
Robert Wilhelm Lagerborg,RWL,man,politiker,1800-tal,Tammela,2392,1,1,18
Oskar Gripenberg,OG,man,militär,1800-tal,Ikalis,2384,1,1,18
John Wickström,JW,man,affärsman,1900-tal,Kvevlax,2382,1,1,19
Dan-Anders Sundman,DS,man,politiker,2000-tal,Jomala,2382,1,1,20
Ernst Gustaf von Hertzen,EGvH,man,militär,1700-tal,Lappträsk,2377,1,1,17
Camilla Richardsson,CR,kvinna,friidrottare,2000-tal,Vasa,2373,1,2,20
Martina Moliis-Mellberg,MM,kvinna,litteraturvetare,2000-tal,Ekenäs,2367,1,2,20
Eva Mannerheim-Sparre,EM,kvinna,konstnär,1900-tal,Villnäs,2361,1,2,19
Tom Krause,TK,man,operasångare,1900-tal,Helsingfors,2358,1,1,19
Erik Grotenfelt,EG,man,poet,1900-tal,Viborgs landskommun,2345,1,1,19
Signe Yletyinen,SY,kvinna,målare,1900-tal,Hangö,2344,1,2,19
Stan Saanila,SS,man,ståuppkomiker,1900-tal,Helsingfors,2344,1,1,19
Ior Bock,IB,man,skribent,1900-tal,Borgå,2341,1,1,19
Eric von Rettig,EvR,man,politiker,1800-tal,Gävle,2339,1,1,18
Gunnar Wahlroos,GW,man,skribent,1900-tal,Viborg,2332,1,1,19
Erik Tulindberg,ET,man,cellist,1700-tal,Lillkyro,2328,1,1,17
John Storgårds,JS,man,violinist,1900-tal,Helsingfors,2320,1,1,19
Ragnar Hult,RH,man,botaniker,1800-tal,Pojo,2313,1,1,18
Karl Robert Malmström,KRM,man,poet,1800-tal,Åbo,2302,1,1,18
Laurin Zilliacus,LZ,man,politiker,1900-tal,Yokohama,2292,1,1,19
Erik Ågren,EÅ,man,lingvist,1900-tal,Nykarleby,2291,1,1,19
Georg Schauman,GS,man,historiker,1900-tal,Helsingfors,2285,1,1,19
Maria Åkerblom,MÅ,kvinna,ledare,1900-tal,Snappertuna,2281,1,2,19
Torsten Aminoff,TA,man,journalist,1900-tal,Tammerfors,2281,1,1,19
Henning von Rettig,HvR,man,affärsman,1800-tal,Gävle,2278,1,1,18
Helle Hellberg,HH,kvinna,skribent,1900-tal,Mariehamn,2271,1,2,19
Sophie Mannerheim,SM,kvinna,sjuksköterska,1800-tal,Helsingfors,2259,1,2,18
Emilie Björkstén,EB,kvinna,poet,1800-tal,Kangasniemi,2258,1,2,18
Niclas Lucenius,NL,man,ishockeyspelare,2000-tal,Åbo,2243,1,1,20
Signe Hornborg,SH,kvinna,arkitekt,1800-tal,Åbo,2231,1,2,18
Henrika Tandefelt,HT,kvinna,historiker,2000-tal,Helsingfors,2231,1,2,20
Erik Johan Löfgren,EJL,man,målare,1800-tal,Åbo,2230,1,1,18
Ann-Mari Lindberg,AL,kvinna,skribent,1900-tal,Helsingfors,2229,1,2,19
Ernst Estlander,EE,man,politiker,1900-tal,Helsingfors,2222,1,1,19
Viola Gråsten,VG,kvinna,textildesigner,1900-tal,Keuruu,2220,1,2,19
Silvia Modig,SM,kvinna,journalist,2000-tal,Helsingfors,2220,1,2,20
Kasten Antell,KA,man,politiker,1800-tal,Helsingfors,2209,1,1,18
Ossian Schauman,OS,man,läkare,1800-tal,Jakobstad,2204,1,1,18
Pehr Henrik Nordgren,PHN,man,kompositör,1900-tal,Saltvik,2184,1,1,19
Victor Procopé,VP,man,politiker,1900-tal,Helsingfors,2174,1,1,19
Helena Arnell,HA,kvinna,målare,1700-tal,Stockholm,2171,1,2,17
Ole Norrback,ON,man,diplomat,1900-tal,Närpes,2169,1,1,19
Johan Jakob Tikkanen,JJT,man,konsthistoriker,1800-tal,Helsingfors,2166,1,1,18
Adolf von Becker,AvB,man,målare,1800-tal,Helsingfors,2162,1,1,18
Göran Hongell,GH,man,formgivare,1900-tal,Helsingfors,2160,1,1,19
Thomas Lundin,TL,man,journalist,2000-tal,Hangö,2159,1,1,20
Erna Tauro,ET,kvinna,musikpedagog,1900-tal,Viborg,2156,1,2,19
Berndt Godenhjelm,BG,man,målare,1800-tal,Mäntyharju,2154,1,1,18
Jonathan Åstrand,JÅ,man,sprinter,2000-tal,Närpes,2150,1,1,20
Eric Gustaf Ehrström,EGE,man,präst,1800-tal,Larsmo,2144,1,1,18
Britt Lundberg,BL,kvinna,politiker,1900-tal,Jomala,2143,1,2,19
Maria Kraftman,MK,kvinna,affärsman,1800-tal,Uleåborg,2141,1,2,18
Erik von Frenckell,EvF,man,idrottsperson,1900-tal,Helsingfors,2136,1,1,19
Lars Jansson,LJ,man,serieskapare,1900-tal,Helsingfors,2129,1,1,19
Rabbe Smedlund,RS,man,skådespelare,1900-tal,Karleby,2121,1,1,19
Bertel Storskrubb,BS,man,medeldistanslöpare,1900-tal,Jakobstad,2118,1,1,19
Ellen Favorin,EF,kvinna,målare,1800-tal,Enare,2100,1,2,18
Katrin Sjögren,KS,kvinna,politiker,1900-tal,Mariehamn,2099,1,2,19
Herman Gummerus,HG,man,antikvetare,1900-tal,Sankt Petersburg,2099,1,1,19
Sven-Erik Åström,SÅ,man,statsvetare,1900-tal,Helsingfors,2096,1,1,19
Gunnar Castrén,GC,man,professor,1900-tal,Helsingfors,2094,1,1,19
Astrid Thors,AT,kvinna,bloggare,1900-tal,Helsingfors,2090,1,2,19
Eva Kuhlefelt-Ekelund,EK,kvinna,arkitekt,1900-tal,Lovisa,2079,1,2,19
Rosanna Fellman,RF,kvinna,poet,2000-tal,Jakobstad,2071,1,2,20
Fredrik Svanbäck,FS,man,fotbollsspelare,2000-tal,Jakobstad,2067,1,1,20
Ragnar Erlandsson,RE,man,politiker,1900-tal,Finland,2061,1,1,19
Merit Wager,MW,kvinna,skribent,1900-tal,Finland,2055,1,2,19
Hugo Johansson,HJ,man,politiker,1900-tal,Vårdö,2042,1,1,19
Gunnar Berndtson,GB,man,målare,1800-tal,Helsingfors,2041,1,1,18
Lennart Petrell,LP,man,ishockeyspelare,2000-tal,Helsingfors,2036,1,1,20
Ingegerd Åkerlund,IÅ,kvinna,skådespelare,1900-tal,Esbo,2026,1,2,19
Carolus Rein,CR,man,författare,1900-tal,Åbo,2022,1,1,19
Elmer Green,EG,man,skådespelare,1900-tal,Borgå,2021,1,1,19
Carita Holmström,CH,kvinna,universitetslärare,1900-tal,Helsingfors,2017,1,2,19
Johan Fagerudd,JF,man,skådespelare,1900-tal,Jakobstad,2012,1,1,19
Leo Löthman,LL,man,skribent,1900-tal,Åbo,2010,1,1,19
Jens Portin,JP,man,fotbollsspelare,2000-tal,Jakobstad,2009,1,1,20
Annica Sjölund,AS,kvinna,fotbollsspelare,2000-tal,Finström,2008,1,2,20
Huldi Torckell,HT,kvinna,folkskollärare,1900-tal,Sund,2004,1,2,19
Sabine Forsblom,SF,kvinna,författare,1900-tal,Borgå,2000,1,2,19
Cia Rinne,CR,kvinna,poet,2000-tal,Göteborg,1998,1,2,20
Göran Stubb,GS,man,tränare,1900-tal,Kexholm,1995,1,1,19
Karl Söderholm,KS,man,politiker,1800-tal,Lovisa,1987,1,1,18
Frans Wilhelm Lüchow,FWL,man,arkitekt,1800-tal,Kristinestad,1967,1,1,18
Rafael Lindqvist,RL,man,journalist,1800-tal,Uleåborg,1966,1,1,18
Erik Stenius,ES,man,filosof,1900-tal,Helsingfors,1963,1,1,19
Fredrik Lassas,FL,man,fotbollsspelare,2000-tal,Borgå,1962,1,1,20
Monica Groop,MG,kvinna,operasångare,1900-tal,Helsingfors,1957,1,2,19
Georg C. Ehrnrooth,GCE,man,politiker,1900-tal,Lahtis,1956,1,1,19
Erik Heinrichs,EH,man,officerare,1900-tal,Helsingfors,1955,1,1,19
Lennart Gripenberg,LG,man,politiker,1800-tal,Uleåborg,1946,1,1,18
Carl Gustaf Söderstrand,CGS,man,konstpedagog,1800-tal,Åbo,1946,1,1,18
Christoffer Taxell,CT,man,politiker,1900-tal,Åbo,1930,1,1,19
Mats Haldin,MH,man,orienterare,2000-tal,Korsholm,1926,1,1,20
Jenny af Forselles,JaF,kvinna,pedagog,1800-tal,Elimä,1919,1,2,18
Albert de la Chapelle den yngre,AdlC,man,genetiker,1900-tal,Helsingfors,1918,1,1,19
Per-Hakon Påwals,PP,man,poet,1900-tal,Helsingfors,1905,1,1,19
Klaus Härö,KH,man,filmregissör,2000-tal,Borgå,1900,1,1,20
Rolf Koskinen,RK,man,orienterare,1900-tal,Helsingfors,1898,1,1,19
Evert Huldén,EH,man,bonde,1900-tal,Munsala,1888,1,1,19
Hugo Österman,HÖ,man,politiker,1900-tal,Helsingfors,1878,1,1,19
Joachim Kurtén,JK,man,politiker,1800-tal,Kronoby,1871,1,1,18
Werner Söderström,WS,man,förläggare,1800-tal,Borgå,1870,1,1,18
Henake Schubak,HS,man,scenskådespelare,1900-tal,Åbo,1867,1,1,19
Wilhelm Schauman,WS,man,affärsman,1800-tal,Jakobstad,1859,1,1,18
Wilhelm Bolin,WB,man,filosof,1800-tal,Sankt Petersburg,1854,1,1,18
Gunnar Höckert,GH,man,friidrottare,1900-tal,Helsingfors,1849,1,1,19
Ulla-Maj Wideroos,UW,kvinna,politiker,1900-tal,Jakobstad,1845,1,2,19
Hans Groop,HG,man,ingenjör,1900-tal,Vasa,1845,1,1,19
Einar Ilmoni,EI,man,målare,1900-tal,Villmanstrand,1841,1,1,19
Jessica Julin,JJ,kvinna,fotbollsspelare,2000-tal,Jakobstad,1841,1,2,20
Johan Hedman,JH,man,målare,1800-tal,Jakobstad,1827,1,1,18
Tiina Lillak,TL,kvinna,spjutkastare,1900-tal,Helsingfors,1827,1,2,19
Erik Tawaststjerna,ET,man,musikpedagog,1900-tal,S:t Michel,1826,1,1,19
Philip Ulric Strengberg,PUS,man,affärsman,1800-tal,Sievi,1823,1,1,18
Carl-Olaf Homén,CH,man,idrottsperson,1900-tal,Helsingfors,1822,1,1,19
Kjell Lindblad,KL,man,skribent,1900-tal,Finland,1819,1,1,19
Reijo Ståhlberg,RS,man,friidrottare,1900-tal,Ekenäs,1817,1,1,19
Åke Gartz,ÅG,man,diplomat,1900-tal,Helsingfors,1816,1,1,19
Roger Jansson,RJ,man,politiker,1900-tal,Kimitoön,1802,1,1,19
Emil Schybergson,ES,man,politiker,1800-tal,Åbo,1793,1,1,18
Nina Ahlstedt,NA,kvinna,målare,1800-tal,Åbo,1778,1,2,18
Annika Idström,AI,kvinna,dramaturg,1900-tal,Helsingfors,1778,1,2,19
Ville Zilliacus,VZ,man,Q7281291,1900-tal,Helsingfors,1765,1,1,19
Henrik Borgström,HB,man,ishockeyspelare,2000-tal,Helsingfors,1761,1,1,20
Gudrun Mörne,GM,kvinna,journalist,1900-tal,Esbo,1758,1,2,19
Johan Agapetus Törngren,JAT,man,gynekolog,1800-tal,Borgå,1756,1,1,18
Ossian Aschan,OA,man,kemist,1800-tal,Helsingfors,1748,1,1,18
Björn Westerlund,BW,man,politiker,1900-tal,Hannover,1743,1,1,19
Carl Bengts,CB,man,målare,1900-tal,Närpes,1740,1,1,19
Henrik Ramsay,HR,man,diplomat,1900-tal,Helsingfors,1736,1,1,19
Kurt Wires,KW,man,kanotist,1900-tal,Helsingfors,1727,1,1,19
Johan Simberg,JS,man,skådespelare,1900-tal,Helsingfors,1721,1,1,19
Torbjörn Eliasson,TE,man,politiker,1900-tal,Jomala,1708,1,1,19
Tony Asumaa,TA,man,politiker,1900-tal,Vasa,1701,1,1,19
Sandra Bergqvist,SB,kvinna,politiker,2000-tal,Nagu,1701,1,2,20
Adolf Ehrnrooth,AE,man,officerare,1900-tal,Helsingfors,1699,1,1,19
Leo Ågren,LÅ,man,konstnär,1900-tal,Nykarleby,1697,1,1,19
Erika Lindström,EL,kvinna,missionär,1900-tal,Sund,1695,1,2,19
Gun-Mari Lindholm,GL,kvinna,politiker,1900-tal,Jomala,1677,1,2,19
Berndt Arell,BA,man,museidirektör,1900-tal,Ekenäs,1677,1,1,19
Wilhelm Wahlforss,WW,man,entreprenör,1900-tal,Helsingfors,1672,1,1,19
Kristin Olsoni,KO,kvinna,regissör,1900-tal,Helsingfors,1671,1,2,19
Anders Överström,AÖ,man,fotbollsspelare,2000-tal,Mariehamn,1669,1,1,20
Rebecka Forsberg,RF,kvinna,influerare,2000-tal,Kyrkslätt,1654,1,2,20
Joel Mattsson,JM,man,fotbollsspelare,2000-tal,Mariehamn,1654,1,1,20
Jakob Näs,JN,man,bonde,1800-tal,Munsala,1650,1,1,18
Odert Gripenberg,OG,man,pedagog,1800-tal,Sääksmäki,1649,1,1,18
M. G. Schybergson,MGS,man,historiker,1800-tal,Åbo,1628,1,1,18
Nicke Lignell,NL,man,skådespelare,1900-tal,Ekenäs,1625,1,1,19
Anders Donner,AD,man,astronom,1800-tal,Karleby,1623,1,1,18
Harald Öhquist,HÖ,man,militär,1900-tal,Helsingfors,1621,1,1,19
Sune Eriksson,SE,man,politiker,1900-tal,Finland,1621,1,1,19
Casimir Ehrnrooth,CE,man,företagsledare,1900-tal,Helsingfors,1617,1,1,19
Rita Polster,RP,kvinna,filmskådespelare,1900-tal,Åbo,1611,1,2,19
Michael Widenius,MW,man,datavetare,1900-tal,Helsingfors,1606,1,1,19
Mats Nylund,MN,man,politiker,1900-tal,Pedersöre,1603,1,1,19
Edvard Blomqvist,EB,man,hydrograf,1800-tal,Sibbo,1598,1,1,18
Minna Lindberg,ML,kvinna,politiker,2000-tal,Nickby,1596,1,2,20
Johan Helsingius,JH,man,datavetare,1900-tal,Helsingfors,1593,1,1,19
Ulrica Charlotta Falkman,UCF,kvinna,författare,1800-tal,Södermanland,1586,1,2,18
Otto Malm,OM,man,affärsman,1800-tal,Jakobstad,1577,1,1,18
Anna-Lisa Sahlström,AS,kvinna,journalist,1900-tal,Vasa,1574,1,2,19
Börje Lampenius,BL,man,skådespelare,1900-tal,Helsingfors,1570,1,1,19
Mats Långbacka,ML,man,skådespelare,1900-tal,Helsingfors,1558,1,1,19
Helen Elde,HE,kvinna,filmskådespelare,1900-tal,Tavastehus,1552,1,2,19
Olav Ahlbäck,OA,man,lingvist,1900-tal,Vasa,1552,1,1,19
Bernt Mårtensson,BM,man,författare,1900-tal,Houtskär,1545,1,1,19
Rabbe Grönblom,RG,man,entreprenör,1900-tal,Helsingfors,1544,1,1,19
Rickard Eklund,RE,man,låtskrivare,2000-tal,Närpes,1544,1,1,20
Alexandra Frosterus-Såltin,AF,kvinna,målare,1800-tal,Ingå,1541,1,2,18
Nina Holmén,NH,kvinna,medeldistanslöpare,1900-tal,Pedersöre,1540,1,2,19
Mikael Boström,MB,man,orienterare,2000-tal,Sjundeå,1539,1,1,20
Lars Wiklöf,LW,man,politiker,1900-tal,Mariehamn,1529,1,1,19
Emilie Bergbom,EB,kvinna,teaterchef,1800-tal,Vasa,1523,1,2,18
Oswald Renkonen,OR,man,universitetslärare,1900-tal,Heinola,1522,1,1,19
Carola Standertskjöld,CS,kvinna,sångare,1900-tal,Helsingfors,1513,1,2,19
Carl-Gustaf Herlitz,CH,man,industriledare,1900-tal,Helsingfors,1499,1,1,19
Fjalar Finnäs,FF,man,Q18121578,1900-tal,Larsmo,1496,1,1,19
Helge Robert Söderström,HRS,man,journalist,1900-tal,Kaskö,1495,1,1,19
Gungerd Wikholm,GW,kvinna,journalist,1900-tal,Karis,1491,1,2,19
Carl Göran Aminoff,CGA,man,politiker,1900-tal,Hangö,1491,1,1,19
Bruno Granholm,BG,man,järnvägsingenjör,1800-tal,Mörskom,1490,1,1,18
Fredrika Wilhelmina Carstens,FWC,kvinna,skribent,1800-tal,Nådendal,1479,1,2,18
Frans Österblom,FÖ,man,poet,1900-tal,Kimito kommun,1479,1,1,19
Markus Wargh,MW,man,organist,1900-tal,Jakobstad,1477,1,1,19
Tom Segerberg,TS,man,regissör,1900-tal,Vasa,1477,1,1,19
Bengt Sjöstedt,BS,man,häcklöpare,1900-tal,Tenala,1474,1,1,19
Markus Lyra,ML,man,diplomat,1900-tal,Helsingfors,1473,1,1,19
Mathias Rosenlund,MR,man,skribent,2000-tal,Stockholm,1473,1,1,20
Frank Jernström,FJ,man,journalist,1900-tal,Leipzig,1462,1,1,19
Sigfrid "Sigge" Jacobsson,S"J,man,maratonlöpare,1900-tal,Helsingfors,1446,1,1,19
Thomas Johanson,TJ,man,vindsurfare,1900-tal,Helsingfors,1445,1,1,19
Leo Ehrnrooth,LE,man,politiker,1900-tal,Helsingfors,1444,1,1,19
Konrad Huber,KH,man,sportskytt,1900-tal,Helsingfors,1442,1,1,19
Johan Ulrik Sebastian Gripenberg,JUSG,man,politiker,1800-tal,Sääksmäki,1439,1,1,18
Haddon Sundblom,HS,man,målare,1900-tal,Muskegon,1439,1,1,19
Mårten Ringbom,MR,man,skribent,1900-tal,Helsingfors,1438,1,1,19
Ralph Enckell,RE,man,diplomat,1900-tal,Helsingfors,1437,1,1,19
Carl Magnus Gripenberg,CMG,man,officerare,1700-tal,Åbo,1434,1,1,17
Gund von Numers,GvN,kvinna,skribent,1900-tal,Bennäs,1426,1,2,19
Mathilda Wrede,MW,kvinna,missionär,1800-tal,Vasa,1424,1,2,18
Runar Karlsson,RK,man,politiker,1900-tal,Jomala,1420,1,1,19
Peter Malm,PM,man,affärsman,1800-tal,Jakobstad,1419,1,1,18
Albert Nycop,AN,man,skådespelare,1900-tal,Helsingfors,1418,1,1,19
Arvid Neovius,AN,man,journalist,1800-tal,Sankt Petersburg,1416,1,1,18
Pekka Strang,PS,man,teaterchef,2000-tal,Helsingfors,1414,1,1,20
Johan Ehn,JE,man,politiker,2000-tal,Jomala,1413,1,1,20
Anders Adlercreutz,AA,man,politiker,2000-tal,Helsingfors,1412,1,1,20
Torbjörn Kevin,TK,man,journalist,1900-tal,Ekenäs,1411,1,1,19
André Hansell,AH,man,fotbollsspelare,2000-tal,Mariehamn,1401,1,1,20
Emil Sarlin,ES,man,företagsledare,1900-tal,Helsingfors,1399,1,1,19
Johannes Sundwall,JS,man,klassisk filolog,1900-tal,Nykarleby,1395,1,1,19
Sven Högström,SH,man,politiker,1900-tal,Hangö,1392,1,1,19
Arthur af Forselles,AaF,man,politiker,1800-tal,Lampis,1388,1,1,18
Karl Flodin,KF,man,kompositör,1800-tal,Vasa,1385,1,1,18
Harry Jansson,HJ,man,politiker,1900-tal,Jomala,1384,1,1,19
Carl Erik Mannerheim,CEM,man,politiker,1700-tal,Säter,1382,1,1,17
Kaj Bärlund,KB,man,ämbetsman,1900-tal,Borgå,1380,1,1,19
Henrik Otto Donner,HOD,man,jazzmusiker,1900-tal,Tammerfors,1375,1,1,19
Elsa Lindberg-Dovlette,EL,kvinna,journalist,1900-tal,Finska församlingen,1371,1,2,19
Katarina Gäddnäs,KG,kvinna,författare,2000-tal,Finström,1370,1,2,20
Barbro Teir,BT,kvinna,journalist,1900-tal,Vasa,1358,1,2,19
Waldemar Ruin,WR,man,pedagog,1800-tal,Suzdal,1356,1,1,18
Nina Roos,NR,kvinna,målare,1900-tal,Borgå,1349,1,2,19
Erik Munsterhjelm,EM,man,geolog,1900-tal,Lojo,1345,1,1,19
Jean Boldt,JB,man,journalist,1800-tal,Kuopio,1344,1,1,18
Bengt Carlson,BC,man,violinist,1900-tal,Ekenäs,1343,1,1,19
Elias Lodenius,EL,man,journalist,1900-tal,Nora,1328,1,1,19
Anders Huldén,AH,man,journalist,1900-tal,Jakobstad,1326,1,1,19
Pehr Norrmén,PN,man,bankman,1900-tal,Helsingfors,1323,1,1,19
J.O. Tallqvist,JT,man,journalist,1900-tal,Helsingfors,1320,1,1,19
Jan-Erik Enestam,JE,man,politiker,1900-tal,Västanfjärd,1318,1,1,19
Henrik Lax,HL,man,politiker,1900-tal,Helsingfors,1312,1,1,19
Anders Cleve,AC,man,författare,1900-tal,Helsingfors,1312,1,1,19
Ragni Karlsson,RK,kvinna,agronom,1900-tal,Pargas stad,1308,1,2,19
Johan Ulfvens,JU,man,journalist,1900-tal,Helsingfors,1301,1,1,19
Franz Frederik Wathén,FFW,man,skridskoåkare,1900-tal,Helsingfors,1290,1,1,19
Johannes Bäck,JB,man,präst,1800-tal,Nykarleby landskommun,1288,1,1,18
Abraham Häggbladh,AH,man,topograf,1800-tal,Vasa,1276,1,1,18
Birger Thölix,BT,man,journalist,1900-tal,Åbo,1275,1,1,19
Bertel Nygård,BN,man,journalist,1900-tal,Vörå,1267,1,1,19
Bengt Schalin,BS,man,trädgårdsingenjör,1900-tal,Nykarleby,1266,1,1,19
Carl Jacob Gardberg,CJG,man,fackboksförfattare,1900-tal,Helsingfors,1256,1,1,19
Ossian Reuter,OR,man,redaktör,1800-tal,Västanfjärd,1250,1,1,18
Hjalmar von Bonsdorff,HvB,man,ämbetsman,1800-tal,Helsingfors,1248,1,1,18
Woldemar Hägglund,WH,man,bandyspelare,1900-tal,Viborg,1248,1,1,19
André Linman,AL,man,gitarrist,2000-tal,Vasa,1216,1,1,20
Carl Öhman,CÖ,man,teaterchef,1900-tal,Helsingfors,1214,1,1,19
Göran Ehrnrooth,GE,man,affärsman,1900-tal,Helsingfors,1212,1,1,19
Erik Adolf von Willebrand,EAvW,man,internist,1900-tal,Vasa,1208,1,1,19
Pelle Heikkilä,PH,man,skådespelare,2000-tal,Helsingfors,1208,1,1,20
Henrik Lilius,HL,man,arkeolog,1900-tal,Viborg,1205,1,1,19
Reinhold Hedberg,RH,man,politiker,1800-tal,Petalax,1204,1,1,18
Kurt Nordfors,KN,man,politiker,1900-tal,Åbo,1201,1,1,19
Johan August von Essen,JAvE,man,författare,1800-tal,Laihela,1187,1,1,18
Tony Halme,TH,man,professionell fribrottare,1900-tal,Helsingfors,1182,1,1,19
Johan Jakob Huldén,JJH,man,lärare,1900-tal,Munsala,1181,1,1,19
Runar Urbans,RU,man,journalist,1900-tal,Helsingfors,1179,1,1,19
Lovisa Charlotta Malm-Reuterholm,LCM,kvinna,målare,1700-tal,Strängnäs,1178,1,2,17
Andreas af Enehielm,AaE,man,filmskådespelare,2000-tal,Helsingfors,1178,1,1,20
Ernst Lampén,EL,man,journalist,1800-tal,Rantasalmi,1173,1,1,18
Runar Salminen,RS,man,skulptör,1900-tal,Vårdö,1173,1,1,19
Bror Rönnholm,BR,man,journalist,1900-tal,Korsholm,1169,1,1,19
Helmer J. Wahlroos,HJW,man,redaktör,1900-tal,Viborg,1160,1,1,19
Matias Strandvall,MS,man,längdskidåkare,2000-tal,Helsingfors,1160,1,1,20
Gösta Sundqvist,GS,man,komiker,1900-tal,Esbo,1159,1,1,19
Alma Hjelt,AH,kvinna,gymnastiklärare,1800-tal,Helsingfors,1154,1,2,18
Jacob Edvard Wefvar,JEW,man,folklorist,1800-tal,Nykarleby,1154,1,1,18
Nils Cleve,NC,man,arkeolog,1900-tal,Helsingfors,1154,1,1,19
Otto Furuhjelm,OF,man,historiker,1800-tal,Åbo,1147,1,1,18
Olle Spring,OS,man,journalist,1900-tal,Borgå,1144,1,1,19
Lisa Cawén,LC,kvinna,skribent,1900-tal,Tavastehus,1139,1,2,19
Gustav Elfving,GE,man,statistiker,1900-tal,Helsingfors,1137,1,1,19
Birger Ek,BE,man,pilot,1900-tal,Kymmene,1133,1,1,19
Christoffer Schildt,CS,man,journalist,1900-tal,Helsingfors,1132,1,1,19
Clas Zilliacus,CZ,man,professor,1900-tal,Mariehamn,1127,1,1,19
Johan Edvard Öhman,JEÖ,man,journalist,1800-tal,Helsingfors,1124,1,1,18
Emil Lindh,EL,man,filmskådespelare,1800-tal,Helsingfors,1115,1,1,18
Robert Mattson,RM,man,affärsman,1800-tal,Vårdö,1114,1,1,18
Toini Topelius,TT,kvinna,journalist,1800-tal,Helsingfors,1110,1,2,18
Eric Bahne,EB,man,lärare,1900-tal,Åbo,1109,1,1,19
Gunnar Johansson,GJ,man,journalist,1900-tal,Helsingfors,1109,1,1,19
Inger Lindman,IL,kvinna,journalist,1900-tal,Esbo,1107,1,2,19
Anna-Lisa Jakobsson,AJ,kvinna,operasångare,1900-tal,Oravais,1105,1,2,19
Ruth Furstenborg,RF,kvinna,redaktör,1900-tal,Torup,1102,1,2,19
Martin Enckell,ME,man,översättare,1900-tal,Helsingfors,1102,1,1,19
Sigurd Wettenhovi-Aspa,SW,man,skulptör,1900-tal,Helsingfors,1101,1,1,19
Meta Torvalds,MT,kvinna,journalist,1900-tal,Korsholm,1097,1,2,19
Gödik Fincke,GF,man,militär,1500-tal,Lampis,1095,1,1,15
Alarik Häggblom,AH,man,politiker,1900-tal,Vårdö,1093,1,1,19
Kajsa Krook,KK,kvinna,översättare,1900-tal,Helsingfors,1092,1,2,19
Ragnar Granvik,RG,man,politiker,1900-tal,Terjärv,1087,1,1,19
Stefan Lindfors,SL,man,formgivare,1900-tal,Mariehamn,1080,1,1,19
Per Stenius,PS,man,direktör,1900-tal,Helsingfors,1076,1,1,19
Viktor Strandfält,VS,man,politiker,1900-tal,Föglö,1066,1,1,19
Eva Wahlström,EW,kvinna,boxare,2000-tal,Lovisa,1059,1,2,20
Julius Stjernvall,JS,man,politiker,1900-tal,Mäntsälä,1054,1,1,19
Alonzo Sundman,AS,man,militär,1900-tal,Mariehamn,1053,1,1,19
Maj-Lis Holmberg,MH,kvinna,författare,1900-tal,Helsingfors,1049,1,2,19
Robert Häggblom,RH,man,friidrottare,2000-tal,Vasa,1046,1,1,20
Torsten Sievers,TS,man,journalist,1900-tal,Helsingfors,1043,1,1,19
Magnus Kull,MK,man,politiker,1900-tal,Korsholm,1043,1,1,19
Kai Brunila,KB,man,journalist,1900-tal,Helsingfors,1040,1,1,19
Gunnar Häggblom,GH,man,polisman,1900-tal,Saltvik,1029,1,1,19
Edvin Sundquist,ES,man,journalist,1900-tal,Solf,1024,1,1,19
Kajsa Ollongren,KO,kvinna,politiker,1900-tal,Leiden,1023,1,2,19
Kuno Nyman,KN,man,politiker,1900-tal,Urjala,1022,1,1,19
Johan Strömberg,JS,man,bonde,1800-tal,Lappträsk,1018,1,1,18
Sampo Sarkola,SS,man,skådespelare,2000-tal,Helsingfors,1017,1,1,20
Torsten Sundblom,TS,man,politiker,1900-tal,Jomala,1015,1,1,19
Isak Smeds,IS,man,redaktör,1800-tal,Petalax,1007,1,1,18
Göran J. Ehrnrooth,GJE,man,affärsman,1900-tal,Helsingfors,1000,1,1,19
Bengt Packalén,BP,man,journalist,1900-tal,Ekenäs,989,1,1,19
Rolf Kullberg,RK,man,nationalekonom,1900-tal,Pojo,985,1,1,19
Thomas Blomqvist,TB,man,politiker,1900-tal,Ekenäs,979,1,1,19
John G. Lindberg,JGL,man,forskare,1900-tal,Sankt Petersburg,976,1,1,19
Axel Arrhenius,AA,man,botaniker,1800-tal,Tavastehus,972,1,1,18
Bertel Appelberg,BA,man,förläggare,1900-tal,Kymmene,970,1,1,19
Thure Hellström,TH,man,arkitekt,1900-tal,Björkö landskommun,969,1,1,19
Margareta Norrmén,MN,kvinna,journalist,1900-tal,Helsingfors,949,1,2,19
Albin Wickman,AW,man,politiker,1900-tal,USA,940,1,1,19
Folke Husell,FH,man,bankman,1900-tal,Mariehamn,938,1,1,19
Hjalmar Nyström,HN,man,brottare,1900-tal,Helsingfors,926,1,1,19
Josef Herler,JH,man,talpedagog,1900-tal,Nykarleby,921,1,1,19
Klas Horn,KH,man,militär,1500-tal,Åminne herrgård,917,1,1,15
Carl-Erik Ström,CS,man,målare,1900-tal,Ekenäs,914,1,1,19
Nicken Rönngren,NR,man,teaterchef,1900-tal,Mariehamn,913,1,1,19
Henrik Kullberg,HK,man,politiker,1900-tal,Strömfors,910,1,1,19
Barbro Sundback,BS,kvinna,politiker,1900-tal,Jomala,904,1,2,19
Geo Stenius,GS,man,journalist,1900-tal,Helsingfors,897,1,1,19
Ylva Edlund,YE,kvinna,skådespelare,1900-tal,Helsingfors,893,1,2,19
Sigyn Alenius,SA,kvinna,journalist,1900-tal,Sankt Petersburg,882,1,2,19
Kaj Stenvall,KS,man,målare,1900-tal,Tammerfors,876,1,1,19
Charlotta Lönnqvist,CL,kvinna,Kalaskokerska,1800-tal,Sjundeå,858,1,2,18
Gabriel Linsén,GL,man,musiklärare,1800-tal,Helsingfors,858,1,1,18
Kristian Axel von Alfthan,KAvA,man,politiker,1800-tal,Uleåborg,854,1,1,18
Håkan Malm,HM,man,politiker,1900-tal,Malax,854,1,1,19
Carl von Haartman,CvH,man,filmskådespelare,1900-tal,Helsingfors,816,1,1,19
Marcus Fagerudd,MF,man,ishockeyspelare,2000-tal,Jakobstad,804,1,1,20
Erik Lindström,EL,man,skådespelare,1900-tal,Helsingfors,796,1,1,19
Patti Hansén,PH,man,programledare,2000-tal,Vasa,784,1,1,20
Karl Nars,KN,man,affärsman,1900-tal,Purmo,782,1,1,19
Joan Edelmann,JE,kvinna,journalist,1900-tal,Helsingfors,774,1,2,19
Jenni Dahlman-Räikkönen,JD,kvinna,skönhetstävlingsdeltagare,2000-tal,Pikis,757,1,2,20
Astrid Gartz,AG,kvinna,journalist,1900-tal,Liljendal,755,1,2,19
Gustaf Johan Filip Armfelt,GJFA,man,föreläsare,1800-tal,Paris,743,1,1,18
Olle Sirén,OS,man,pedagog,1900-tal,Pyttis,739,1,1,19
Anders Englund,AE,man,politiker,1900-tal,Jomala,738,1,1,19
Joachim Thibblin,JT,man,skådespelare,2000-tal,Esbo,731,1,1,20
Lasse Liemola,LL,man,sångare,1900-tal,Helsingfors,725,1,1,19
Adelina Engman,AE,kvinna,fotbollsspelare,2000-tal,Mariehamn,714,1,2,20
Ernst Tandefelt,ET,man,affärsman,1900-tal,Sysmä,693,1,1,19
Carl Björkman,CB,man,politiker,1900-tal,Åbo,683,1,1,19
Lars Nyberg,LN,man,radiopionjär,1900-tal,Karis,672,1,1,19
Jarl Lundqvist,JL,man,officerare,1900-tal,Helsingfors,659,1,1,19
Erik Bergman,EB,man,körledare,1900-tal,Nykarleby,634,1,1,19
Erik Lundberg,EL,man,fotbollsspelare,2000-tal,Mariehamn,616,1,1,20
Christoffer Westerlund,CW,man,skådespelare,2000-tal,Karis,607,1,1,20
Erik Cajanus,EC,man,präst,1700-tal,Sotkamo,603,1,1,17
Sofia Hagman,SH,kvinna,pedagog,1800-tal,Vasa,558,1,2,18
Margareta Högman,MH,kvinna,ledare,1800-tal,Q5438885,557,1,2,18
Nils Gustafsson,NG,man,busschaufför,1900-tal,Vanda,508,1,1,19
Cisse Häkkinen,CH,man,basist,1900-tal,Helsingfors,506,1,1,19
Magnus Lindberg,ML,man,musiker,1900-tal,Helsingfors,473,1,1,19
Nils Gyldenstolpe,NG,man,diplomat,1600-tal,Åbo,470,1,1,16
Gunnar Jansson,GJ,man,politiker,1900-tal,Jomala,444,1,1,19
Leif Jakobsson,LJ,man,TV-producent,1900-tal,Jakobstad,398,1,1,19
Erik Blomberg,EB,man,filmproducent,1900-tal,Helsingfors,381,1,1,19
Jonatan Johansson,JJ,man,fotbollsspelare,2000-tal,Stockholm,369,1,1,20
Johan Asplund,JA,man,sociolog,1900-tal,Jakobstad,300,1,1,19
Gunnar Nordström,GN,man,universitetslärare,1900-tal,Helsingfors,284,1,1,19
Harald Lindberg,HL,man,bryolog,1900-tal,Helsingfors,283,1,1,19
Hjalmar Procopé,HP,man,översättare,1800-tal,Helsingfors,259,1,1,18
Gunnar Mattsson,GM,man,journalist,1900-tal,Helsingfors,254,1,1,19
Gustav Wiklund,GW,man,skådespelare,1900-tal,Helsingfors,251,1,1,19
Konni Zilliacus,KZ,man,journalist,1800-tal,Helsingfors,249,1,1,18
Hjalmar Dahl,HD,man,journalist,1900-tal,Parikkala,244,1,1,19
Katja Nyberg,KN,kvinna,handbollstränare,2000-tal,Stockholm,241,1,2,20
Göran Schildt,GS,man,konsthistoriker,1900-tal,Helsingfors,239,1,1,19
Sven Lindman,SL,man,statsvetare,1900-tal,Helsingfors,218,1,1,19
Karin Smirnoff,KS,kvinna,skribent,1900-tal,Stockholm,208,1,2,19
Johan Eberhard von Schantz,JEvS,man,världsresenär,1800-tal,Björneborg,191,1,1,18
Peter Sjölund,PS,man,fotbollsspelare,2000-tal,Finström,169,1,1,20
Georg Fraser,GF,man,militär,1800-tal,Helsingfors,154,1,1,18
Thomas Sandell,TS,man,arkitekt,1900-tal,Skellefteå,144,1,1,19
Bengt Holmström,BH,man,universitetslärare,1900-tal,Helsingfors,135,1,1,19
Arne Öhman,AÖ,man,politiker,1900-tal,Helsingfors,99,1,1,19
Odert Reinhold von Essen d.y.,ORvE,man,militär,1700-tal,Hollola,52,1,1,17
Natanael Gerhard af Schultén,NGaS,man,officerare,1700-tal,Nagu,48,1,1,17
Ernst Johan Creutz d.y.,EJCd,man,politiker,1700-tal,Åbo,46,1,1,17
Johan Casimir Ehrnrooth,JCE,man,politiker,1800-tal,Nastola,46,1,1,18
Clas Eriksson Fleming,CEF,man,politiker,1500-tal,Pargas stad,44,1,1,15
Gregori Tigerstedt,GT,man,officerare,1800-tal,Moskva,44,1,1,18
Mikaela Taivassalo,MT,kvinna,skribent,2000-tal,Nedervetil,44,1,2,20
Otto Henrik Nordenskiöld,OHN,man,militär,1700-tal,Mäntsälä,43,1,1,17
R. R. Eklund,RRE,man,journalist,1900-tal,Nykarleby,38,1,1,19
Gustaf Johansson,GJ,man,journalist,1900-tal,Åbo,34,1,1,19
Johan Zacharias Bång,JZB,man,militär,1800-tal,Umeå,33,1,1,18
Alex Federley,AF,man,serieskapare,1800-tal,Åbo,32,1,1,18
Edvard Alexander Fazer,EAF,man,pianist,1800-tal,Helsingfors,30,1,1,18
Ulla Bjerne-Biaudet,UB,kvinna,skribent,1900-tal,Söderhamn,29,1,2,19
Anton Lundell,AL,man,ishockeyspelare,2000-tal,Esbo,25,1,1,20