hier1,hier2,hier3,dirs,files,bytes
mariadb,PatrikB,Sting,1,4,1888136724
fredrika,Sandra,-,1,1,141002012
furuvik,Karcher,-,1,1,131364455
paddla,Wattkast,jocke,1,26,2237944661
dagbok,Monty-Tesla,-,1,1,81784161
fredrika,Birger,Carlstedt,1,12,856363327
fest,Svenska_Dagen,-,1,7,479005508
alveskar,dronare,08-01_Dronare_making_of,1,23,1340965812
fest,Midsommar,MOV,1,19,988067782
munchen,Medi-Musik_LMU,-,1,3,134076837
paddla,Wattkast,-,1,1,35606120
alveskar,rita,08-16_Lantmateri,1,7,222413246
alveskar,dronare,08-01_Dronare,3,47,1120852926
fredrika,Julkalender,12-27,1,24,561276859
resa,Budapest,04-20_6D,1,23,524604481
selma,med_Dups,duPsone,1,11,236972339
resa,Budapest,04-21_6D,1,88,1881674612
paddla,Styrsholmarna,duPsone,1,5,101944402
munchen,Detta_om_detta,-,1,12,243287879
paddla,Wattkast,-,1,3,60342563
yoga,Egypten_Ki,12-27,1,31,601964383
alveskar,besok,06-20_av_Fia,1,80,1494461735
mariadb,Fia,04_Villa_Monty,1,148,2667036773
selma,Sjogang,-,1,1,17904821
alveskar,uddbastun,11-04_Sjogang,1,1,17620200
fredrika,Julfest_Fia,12-10,1,28,491511920
fest,Haloween,-,1,29,478518468
alveskar,besok,07-27_Solnedgang_MOV,1,7,112632820
alveskar,besok,06-22_Midsommar_MOV,1,26,413249984
springa,Shanghai,-,1,23,364606297
dagbok,Chi_Thu,-,1,4,62426545
mariadb,Kina,03-19_Shenzhen,1,5,77906900
fest,Valborg,-,1,21,306693109
nagu,Boskar_dronare,-,1,10,143659282
nagu,Brunskar_Fia,-,1,28,398239043
mariadb,FOSDEM,fia-final,1,3,41507101
portratt,Kaj_Bryssel,-,1,3,41507101
alveskar,smr,04-30_SMR,1,60,789533380
alveskar,vaststugan,10-13_Ute,1,14,183732041
nagu,Vattenskoter,06-21,1,67,873291654
nagu,Lokholm,-,1,8,103210080
alveskar,uddbastun,10-12_Terrass,1,4,50812920
mariadb,Indonesier,07-28,1,47,593668093
selma,av_Fia,-,1,25,314449737
mariadb,Fia,04_Fia_Dev_Mtg,1,137,1718374397
nagu,Prostvik,-,1,9,112499921
dagbok,En_procent,-,1,1,12469287
idrott,Kitzbuhel,10-20,1,25,307019805
mariadb,FOSDEM,fia-stimmung,1,153,1864386073
mariadb,Fia_Grani,03-12,1,42,505380517
alveskar,smr,05-27_SMR,1,53,600663601
nagu,Korpostrom,-,1,5,55662086
alveskar,uddbastun,07-28_Uddbastun,1,11,118920545
alveskar,vaststugan,05-27_Vaststugan,1,19,202310979
alveskar,besok,08-13_Marten_Alveskar,2,59,599720356
alveskar,uddbastun,09-22_fran_taket,1,16,162302110
dagbok,Lindgrens,-,1,5,50356895
resa,Egypten,12-31_Nyarsafton,1,23,230794642
nagu,av_Siv,06-22,1,83,814788319
alveskar,uddbastun,05-27_Uddbastun,1,17,166672124
idrott,Alveskar_Dups,duPsone_MOV,1,12,117228973
alveskar,vaststugan,10-12_Utsikt,1,2,18972665
alveskar,smr,08-01_Hamnen,1,6,56740168
selma,Alveskar,-,1,4,37270859
alveskar,ute,08-03_Ute,1,3,27156714
resa,Wuppertal,-,1,35,316320614
alveskar,vaststugan,06-17_Vaststugan,1,10,89895455
alveskar,ute,05-27_Graslok,1,1,8861478
alveskar,ute,08-03_Skog,1,53,461456624
alveskar,ute,04-13_Inspektion,1,67,574338766
dagbok,Google_pics,-,1,1,8481846
nagu,Flagghissning,-,1,8,67071265
mariadb,Indonesien,09-08_Yogya,1,7,58646326
nagu,Hogsar_Matilda,-,1,2,16685899
alveskar,paviljongen,04-30_Kajakpaviljongen,1,10,82951748
alveskar,uddbastun,10-12_Tunnonsen,1,2,16514810
alveskar,ute,08-20_Grava,1,4,32751962
alveskar,vaststugan,07-20_Vaststugan,1,8,65374334
alveskar,paviljongen,10-12_Placering,1,5,40638598
alveskar,besok,09-21_RalfD,1,5,40586367
alveskar,ute,04-30_Lagvatten,1,42,339477409
munchen,Wiesn_Armin,-,1,18,145128055
paddla,Wattkast,jocke,1,53,422936380
alveskar,vaststugan,10-12_Poker,1,1,7954254
alveskar,uddbastun,04-30_Uddbastun,1,20,156832361
mariadb,Indonesien,09-09_Universitet,1,11,86229444
alveskar,uddbastun,07-27_Uddbastun,1,37,289150733
nagu,Tyskt_monument,-,1,3,23401326
furuvik,Tvatt,-,1,1,7774390
alveskar,ute,07-27_Utsikt,1,6,46637732
alveskar,lappstugan,11-04_Utomhus,1,4,31018508
resa,Granisnigel,-,1,5,38582488
alveskar,ute,05-27_El,1,1,7627454
alveskar,ute,08-20_Roddbat,1,2,15084152
resa,Erfurt,08-31_Erfurt,1,73,548427367
alveskar,andra,10_Karta,1,1,7380798
dagbok,Artsoppa,-,1,1,7184447
yoga,Egypten_Kaj,-,1,44,314640590
alveskar,ute,07-20_Roja,1,9,64272378
mariadb,Kina,03-16_Shanghai,1,3,21405839
fredrika,Lina_Tobias,-,1,4,28438636
paddla,Algeskar,07-20_kajPhone,1,43,304576307
alveskar,paviljongen,10-13_Strandpaviljongen,1,11,77334727
alveskar,smr,07-31_Hamnen,1,4,28067490
alveskar,smr,04-04_Muddra,1,1,6984373
alveskar,ute,04-30_El,1,6,41862010
resa,Kroatien,06-02,1,74,514352944
idrott,Alveskar_Dups,duPsone,1,12,83331410
alveskar,ute,09-22_Utedass,1,10,69376036
mariadb,Kina,03-17_Hangzhou,1,27,184973184
alveskar,lappstugan,08-06_Lappstuga,1,1,6835602
mariadb,Grankulla,-,1,6,40309944
furuvik,Salen,-,1,5,33153090
alveskar,ute,10-12_Vasktransport,1,1,6616382
mariadb,Fia,01-24_Monty_Robe_Dogs,1,9,59016217
mariadb,Kina,03-20_Tencent,1,86,563869742
mariadb,Split,05-30,1,15,98215584
dagbok,S_Sonja,-,1,4,26189441
mariadb,Shanghai,av_Qiyue,1,77,504020502
furuvik,Rappning,-,1,2,12983050
alveskar,lappstugan,08-20_Kamin_skorsten,1,11,71119278
alveskar,vaststugan,09-22_Alustan,1,5,32198612
alveskar,paviljongen,09-21_Brann,1,6,38506716
alveskar,besok,06-20_AoRoSoNoFia,1,16,102377796
alveskar,uddbastun,06-17_Uddbastun,1,26,166211247
idrott,Ahrntal,andras,7,164,1044379506
furuvik,Amfiteater,-,1,1,6360760
alveskar,ute,10-12_Fyrhjuling_berget,1,4,25424088
alveskar,uddbastun,09-21,1,22,139481213
resa,SPb,05-24,1,66,417979180
alveskar,paviljongen,11-04_Placering,1,22,139068868
alveskar,ute,08-13_Algskylt,1,2,12620020
alveskar,uddbastun,07-31_Uddbastun,1,27,170143219
alveskar,smahus,07-31_Utedass,1,9,56278771
ick,Byklina,-,1,1,6243392
alveskar,lappstugan,07-27_Lappstugan,1,4,24849222
alveskar,ute,07-20_Vastudden,1,9,55534339
dagbok,Armin,-,1,5,30732911
alveskar,ute,06-17_Ute,1,4,24418351
fredrika,Hfors,-,1,11,66779696
dagbok,Bruno,-,1,3,18088802
alveskar,lappstugan,08-03_Lappstugan,1,39,234266625
alveskar,ute,10-13_Lider,1,9,53828435
resa,SPb,05-26,1,41,244316839
resa,Bjarmaland,08-25,1,4,23619880
furuvik,Aivardon,-,1,12,70142212
mariadb,Indonesien,09-10_Audiens,1,59,344342983
resa,Egypten,12-27_Strandlasa,1,7,40709950
springa,Nara_Isar,-,1,8,46301854
furuvik,Katamarankarra,-,1,2,11555142
alveskar,lidret,09-22_Utifran,1,1,5773166
resa,Egypten,12-27_Morgondopp,1,24,138280860
yoga,S_Alveskar,-,1,3,17231170
alveskar,lappstugan,09-22_Kajakforvar,1,2,11481958
mariadb,Kina,03-22_Shanghai,1,29,166283844
furuvik,Sno,-,1,4,22916918
resa,Kroatien,06-01,1,23,131719322
nagu,Norrstromsbron,-,1,2,11425981
springa,Hfors-rutter,-,1,1,5677363
resa,Budapest,04-22,1,64,363239955
paddla,Alveskar,-,1,80,453681820
alveskar,uddbastun,09-22_Onsen,1,12,68014431
mariadb,Shanghai,av_Marko,5,160,906788317
alveskar,lappstugan,07-20_Lappstugan,1,25,140906978
springa,Nara_Isar_MOV,-,1,6,33670558
springa,Stocksund,-,1,10,55437726
mariadb,Kronprinsessan_id,-,1,15,83129619
alveskar,lappstugan,06-17_Lappstugan,1,11,60808150
alveskar,ute,11-04_Stada,1,4,22104064
furuvik,Under_Arkivet,-,1,13,71666740
alveskar,vaststugan,10-12_Ute,1,2,11000302
resa,Erfurt,09-01_Eisenach,1,5,27486705
alveskar,vaststugan,11-04_Vaststugan_NSWO,1,3,16491818
furuvik,Koksfonster,-,1,1,5496460
yoga,Alveskar,kajMOV,1,15,82211402
resa,Bjarmaland,av_Bjorn,1,83,454891259
dagbok,Regering,-,1,1,5476991
alveskar,ute,10-12_Lidret,1,2,10940571
nagu,Korpostrom,-,1,4,21880940
resa,Egypten,12-29_Luxor,1,169,922090832
alveskar,ute,03-11_Bygga_var,1,27,147047966
furuvik,Balkong,-,1,12,65209474
dagbok,Manformorkelse,-,1,2,10858135
alveskar,smr,04-08_Blasigt,1,3,16266495
selma,Abo,-,1,8,43338950
mariadb,Indonesien,09-10_MOV,1,28,151194365
alveskar,vaststugan,07-31_Vaststugan,1,6,32334829
resa,Rumanien,06-11,1,38,204781661
resa,Budapest,04-21,1,171,921372612
mariadb,NY,02-26_Keynote,1,19,102156760
resa,Koln,-,1,8,42999223
resa,Erfurt,09-01_Wartburg,1,21,112479629
springa,Bengaluru,-,1,23,122559478
alveskar,uddbastun,08-20_Terrass,1,3,15966815
springa,Bukarest,-,1,8,42569693
springa,Safaga_N,-,1,13,69090519
mariadb,Kina,03-23_Landa,1,1,5306136
nagu,Anisor,-,1,7,37085380
yoga,Alveskar,Kaj,1,135,713544038
dagbok,Ska_Keller,-,1,1,5278048
mariadb,Indien,11-25_Bengaluru,1,7,36943271
mariadb,Singapore,09-06_Ditresa,1,2,10542877
springa,Marienklause,-,1,9,47417594
alveskar,smr,06-17_SMR,1,48,251576139
resa,SPb,05-23,1,44,229752822
yoga,Alveskar,Kirsten,1,105,546445908
fest,Midsommar_MOV,-,1,12,62347922
alveskar,vaststugan,08-20_Brister,1,8,41540315
paddla,Vallmo,-,1,19,97652715
resa,Hfors,-,1,4,20551192
munchen,Maximilianskirche,-,1,2,10270866
munchen,Literarischer_Oktett,-,1,1,5131150
alveskar,smr,06-17_SMR_MOV,1,44,225730639
alveskar,smahus,07-28_Vedlidret,1,4,20517898
idrott,Ahrntal,02-19_Hans,1,40,204768776
alveskar,lappstugan,08-02_Lappstugan,1,10,51084677
dagbok,Ogonoperation,-,1,10,50808657
mariadb,NY,fia-stimmung,1,323,1640653100
alveskar,vaststugan,07-19_Vaststugan,1,6,30400213
resa,Java,09-09_Borobudur,1,81,408833878
alveskar,lappstugan,11-04_NSWO,1,4,20141836
alveskar,ute,09-22_Svamp,1,4,20140815
dagbok,Secret_Hitler,-,1,1,5020492
dagbok,S_avfard,-,1,18,90368462
resa,Bjarmaland,08-24_Folison,1,83,415394149
springa,Margitsziged,-,1,27,134495402
alveskar,lidret,08-13_Hyllor,1,6,29858109
alveskar,smr,07-27_Hamnen,1,1,4954818
springa,Taslot,-,1,19,94039239
resa,Java,09-08_Prambanan,1,41,202467984
alveskar,smr,07-20_Bryggan,1,7,34394507
mariadb,Shanghai,11-20,1,27,132251642
mariadb,Split,05-31,1,42,204439430
portratt,Fjarrstyrning,-,1,10,48653394
mariadb,FOSDEM,02-03,1,41,198812579
alveskar,lidret,07-20_Lidret,1,16,77541664
mariadb,NY,fia-mug,7,38,184055957
alveskar,besok,07-27_Simpa,1,6,29012872
resa,Kuala_Lumpur,09-14,1,87,420106446
alveskar,vaststugan,07-27_Vaststugan,1,9,43356715
alveskar,besok,06-22_Midsommar,1,66,317949060
fredrika,Birger_Carlstedt,-,1,46,221452198
alveskar,ute,07-28_Roja,1,2,9610438
mariadb,Indien,11-24_Mumbai,1,110,523409265
mariadb,Indien,11-29_Mumbai,1,62,294724990
alveskar,ute,07-28_fran_vattnet,1,11,52095106
mariadb,Singapore,09-11,1,35,165706339
alveskar,ute,08-20_Utsikt,1,4,18920041
mariadb,Indonesien,09-10_Middag,1,81,382398341
resa,Rumanien,06-10,1,61,287716040
springa,Margitsziged,-,1,36,169396436
paddla,Algeskar,07-21_Algskylt,1,15,70532315
alveskar,dronare,08-13_Senja,1,100,468038586
selma,med_Dups,kajPhone_MOV,1,15,69891925
fredrika,Usv-tryck-film,-,1,3,13950777
dagbok,SDP,-,1,3,13945016
resa,Egypten,12-30_Gron_overdel,1,39,181201137
alveskar,ute,11-04_Lidret_NSWO,1,4,18574360
resa,Egypten,12-27_Springsim,1,40,185559532
alveskar,ute,09-22_Hamnen,1,4,18509970
alveskar,vaststugan,10-12_Mobler,1,33,152253154
springa,Erfurt,-,1,31,142845802
selma,Stada_dack,-,1,37,170372143
resa,Erfurt,09-01_Erfurt,1,18,82857671
springa,Mumbai,-,1,5,23010303
alveskar,lappstugan,07-31_Lappstugan,1,8,36644352
alveskar,lidret,09-22_Ordna,1,6,27471395
resa,Granibacken,-,1,2,9157096
selma,Brunskar,-,1,32,146180214
alveskar,uddbastun,09-22_Loftet,1,9,41065344
alveskar,ute,11-04_Lidret,1,12,54629913
furuvik,Mat,-,1,1,4550159
nagu,Wikom_by,-,1,1,4534680
selma,Lowrance,-,1,1,4529814
dagbok,till_Finland,-,1,6,27147583
dagbok,Banankvarg,-,1,1,4507146
alveskar,ute,09-21_Utedass,1,2,8979163
springa,Marienklause,-,1,26,116285978
mariadb,Split,05-29,1,15,67021261
alveskar,uddbastun,09-22_Krokar,1,5,22322062
dagbok,Mat_morot,-,1,1,4459414
dagbok,fi-proviant,-,1,1,4458316
alveskar,lappstugan,08-13_Kamin_mm,1,47,209393259
resa,Wuppertal,-,1,18,80174072
ick,Samsung_OSX,-,1,1,4443899
furuvik,Nyckelhitt,-,1,1,4430333
yoga,Egypten_Ki,-,1,16,70868210
nagu,Brunskar,-,1,8,35383531
alveskar,ute,09-22_Solposition,1,4,17670694
resa,Rumanien,06-09,1,65,286499176
springa,Shanghai,-,1,31,135857652
alveskar,besok,07-20_Byggarbetare,1,6,26272881
fredrika,SZ,-,1,10,43695678
alveskar,utrustning,04-30_Dekoskylt,1,1,4367614
nagu,Farjan,-,1,2,8714685
mariadb,Indien,11-25_Chennai,1,58,252659509
hus,Tina_Mankby,-,1,6,26132050
dagbok,Etisk_relativism,-,1,11,47883989
alveskar,vaststugan,06-17_Vaststugan_MOV,1,6,26113665
alveskar,ute,08-20_Utedass,1,3,13053047
dagbok,Banankvarg,-,1,1,4342524
alveskar,uddbastun,10-13_Badibunkan,1,43,186390264
selma,Skylt_o_kedja,-,1,2,8659891
ick,Sno,-,1,9,38940080
alveskar,lappstugan,07-19_Lappstugan,1,8,34608368
munchen,Stachus,-,1,2,8641524
alveskar,lappstugan,09-21_Utifran,1,8,34548451
nagu,Lennart,-,1,7,30209038
alveskar,aaro,05-03_Uddbastun_5,1,2,8623873
paddla,Billig_kajak,-,1,1,4300567
alveskar,uddbastun,11-04_Uddbastun_NSWO,1,3,12890317
fredrika,svahnstrom,Furuvik i Nagu,1,33,141420432
mariadb,Singapore,09-08_Singapore,1,2,8560056
springa,Shanghai_ebb,-,1,7,29916584
dagbok,Edeka,-,1,1,4268928
fredrika,Uppslagsverk,-,1,5,21335910
resa,Sri_Pada,-,1,1,4262173
ick,Slang,-,1,1,4243704
alveskar,ute,10-13_Lilla_gasthuset,1,13,55144713
dagbok,Finland,-,1,1,4239475
idrott,Alveskar_runt,kajPhone,1,54,228904748
alveskar,uddbastun,08-02_Uddbastun,1,16,67789098
dagbok,Proteinmix,-,1,1,4235739
fredrika,Wikimania,08-16,1,57,241316883
resa,Bjarmaland,08-21_Biljett,1,1,4231874
fredrika,Wuppertal,-,1,4,16918200
furuvik,Klader,-,1,3,12686893
munchen,Isar,-,1,5,21141231
idrott,Kitzbuhel,10-19,1,23,97126808
alveskar,lidret,08-03_Lidret,1,9,37994688
dagbok,AoR_HiG,-,1,2,8436620
alveskar,ute,09-21_Hamnen,1,4,16869341
resa,Abo,-,1,4,16857048
furuvik,Furuvik-telefon,-,1,1,4202787
alveskar,lidret,07-28_Lidret,1,2,8399446
alveskar,vaststugan,09-21,1,5,20940445
fredrika,Wikimania,08-17,1,24,100462818
ick,Solriktning,-,1,2,8368563
alveskar,uddbastun,09-22_Utsikt,1,5,20916866
alveskar,ute,04-29_Brunn,1,2,8366086
resa,SPb,05-25,1,116,484912918
dagbok,Bokval,-,1,1,4174479
alveskar,smr,05-28_Pang,1,8,33389329
alveskar,lappstugan,11-04_Under_Lappstugan,1,2,8344071
alveskar,lappstugan,09-22_Inomhus,1,2,8333386
alveskar,utrustning,08-02_Nodproviant,1,1,4156082
alveskar,rita,12-04_Tidningen_kom,1,1,4152684
fest,Max_Celie,-,1,23,95394282
arbete,Footbalance,-,1,1,4145023
alveskar,ute,06-17_Ute_MOV,1,4,16558898
idrott,Ahrntal,02-19_Ahrntal,1,1,4126874
alveskar,lappstugan,07-28_Lappstugan,1,77,317617246
alveskar,uddbastun,10-13_Poker,1,21,86177973
fredrika,Uppslagsverk,-,1,3,12305647
dagbok,Edeka,-,1,1,4098068
mariadb,Singapore,09-15,1,1,4092872
dagbok,Artsoppa,-,1,3,12260363
paddla,Ernholm_Ralf,-,1,6,24504998
mariadb,Indonesien,09-06_Gavor,1,4,16317121
springa,Hyderabad,-,1,8,32628589
selma,med_Dups,duPsone_MOV,1,8,32590039
mariadb,Indonesien,09-10_Universitet,1,23,93582362
mariadb,Indien,11-24_Chennai,1,1,4063688
resa,Bjarmaland,08-26_Archangelsk,1,3,12188526
fest,Midsommar,-,1,100,405803848
munchen,Bits_Pretzels,-,1,2,8104522
ick,Vatten,-,1,3,12144495
mariadb,Singapore,09-07_Singapore,1,7,28304532
furuvik,Cykeldack,-,1,1,4037278
alveskar,lappstugan,09-19_Flygvapnet,1,1,4032212
furuvik,Statusbilder,-,1,4,16110282
ick,Vinter,-,1,1,4023937
dagbok,S,-,1,1,4023712
dagbok,Havremat,-,1,1,4019802
arbete,Supermetrics,-,1,15,60198500
resa,Gronland,-,1,5,20060305
ick,Fasad_snygg,-,1,4,16038692
mariadb,Kina,03-21_Tencent,1,40,160294606
selma,Lina,-,1,4,16011535
alveskar,aaro,05-06_Paviljong_1,1,8,31993685
fredrika,SetS,-,1,2,7986873
paddla,Taslot_runt,-,1,82,327427812
springa,Bol,-,1,3,11976199
alveskar,vaststugan,08-03_Vaststugan,1,27,107543345
alveskar,andra,07_Ari_Uddbastun,1,5,19894984
resa,Bjarmaland,08-23,1,43,170897185
mariadb,Shanghai,11-21_Skyskrapor,1,4,15887432
springa,Archangelsk,-,1,74,293867427
alveskar,lappstugan,10-12_Poker,1,11,43678159
ick,Julgran,-,1,1,3967401
resa,Reval,06-29,1,21,83274819
fredrika,Planschen_kom,-,1,3,11895791
idrott,Wolkenstein,04-02_Alba-Ciampac,1,24,95046730
munchen,Armin_Lissfeld,-,1,2,7919614
dagbok,BW-Bank,-,1,4,15820453
nagu,Brannskar,-,1,7,27661146
dagbok,EOFT_Osmo,-,1,2,7892658
dagbok,A,-,1,5,19730666
resa,Abo,-,1,3,11832788
alveskar,rita,08-12_Byssy-modeller,1,15,59026735
resa,Rumanien,06-08,1,47,184880434
idrott,Snorkel,-,1,8,31402607
hus,Soko_Riku,-,1,9,35273741
furuvik,Lakantvatt,-,1,2,7820206
mariadb,Indien,11-28_Pune,1,17,66416256
alveskar,aaro,03-15_Uddbastun_2,1,9,35158512
mariadb,Indien,11-23_Mumbai,1,3,11714917
resa,Erfurt,09-01_VEB_Eisenach,1,124,482194139
resa,Budapest,04-23,1,5,19399782
resa,Rumanien,06-12,1,14,54260552
fredrika,annat,-,1,3,11626981
alveskar,ute,09-22_Garaget,1,9,34824404
resa,Reval,06-28,1,31,119824126
mariadb,Annual_Report,02-20_Annual_Report,1,2,7702942
alveskar,uddbastun,04-26_Bastugrund,1,3,11505556
alveskar,uddbastun,06-17_Uddbastun_MOV,1,15,57497393
resa,Bjarmaland,07-03_Biljetter,1,2,7652704
selma,Lahesmaa,-,1,2,7649146
alveskar,uddbastun,07-20_Uddbastun,1,30,114571055
alveskar,lappstugan,08-01_Lappstugan,1,9,34318890
dagbok,Schackschuka,-,1,4,15233155
dagbok,Blodtryck,-,1,2,7605102
dagbok,S_Wagners,-,1,5,18998189
furuvik,Teleskop,-,1,3,11393271
alveskar,aaro,04-25_Onsen_4,1,8,30343165
fredrika,Wuppertal,-,1,36,136531757
idrott,Wolkenstein,03-30_Ditresa,1,9,34092923
mariadb,Maria_Dev,-,1,2,7570470
fredrika,Sandra,-,1,18,67994054
dagbok,Chu_Thi,-,1,1,3774428
paddla,Wattkast,kajPhone,1,16,60206238
dagbok,Edeka,-,1,1,3755538
dagbok,Afghan,-,1,5,18754473
paddla,Gullkrona,-,1,25,93706707
alveskar,utrustning,07-30_Kastruller,1,2,7493820
mariadb,Singapore,09-12,1,78,291918317
bohag,Pyttan-masporslin,-,1,5,18679887
furuvik,Pia_stada,-,1,7,26085480
ick,Koket,-,1,2,7442405
alveskar,paviljongen,11-11_Honka,1,4,14883448
furuvik,Matildahjalp,-,1,5,18583299
dagbok,Wagners,-,1,3,11149377
alveskar,lappstugan,09-21_Matlagning,1,3,11143609
mariadb,Kina,03-15_Shanghai,1,14,51810618
alveskar,uddbastun,08-03_Uddbastun,1,21,77644068
resa,Bjarmaland,08-25_Severodvinsk,1,18,66353688
mariadb,Loyly,-,1,7,25760905
fredrika,Fredrika-layout,-,1,5,18386776
mariadb,Kina,03-21_Shenzhen,1,18,66161833
springa,Singapore,-,1,25,91663886
springa,Hongkong,-,1,7,25618664
alveskar,lappstugan,06-20_Lappstugan,1,8,29145339
dagbok,Mat,-,1,2,7278108
dagbok,Patelladysplasie,-,1,3,10904774
fredrika,Lasse_Svahnstrom,-,1,8,29064635
alveskar,utrustning,07-31_Prydnader,1,14,50820583
resa,Budapest,04-20,1,21,76056731
dagbok,Edeka,-,1,1,3615123
ick,Postlada,-,1,3,10837484
resa,Kroatien,06-03,1,4,14430343
furuvik,Artsoppa,-,1,10,36037131
alveskar,ute,11-04_Hamnen_NSWO,1,2,7199926
paddla,Algeskar,kartor,1,6,21588925
springa,Skosmuts,-,1,1,3591942
dagbok,Brysselkal,-,1,2,7171495
alveskar,lappstugan,04-30_Lappstugan,1,13,46532542
resa,Bjarmaland,08-26_SPb,1,14,50108237
dagbok,Yr_Kirsten,-,1,3,10724259
dagbok,Mat,-,1,1,3572546
mariadb,Kina,03-18_Hangzhou,1,21,74936747
mariadb,NY,02-23_HRT,1,19,67777193
furuvik,Uteforradet,-,1,9,32072802
ick,Julgran,-,1,1,3558626
idrott,Ahrntal,02-18_Hans,1,41,145709027
idrott,Wolkenstein,04-05_nysno,1,25,88827492
furuvik,Uteforradet,-,1,16,56835780
nagu,hos_Jocke,-,1,1,3549442
dagbok,Tom_of_F,-,1,5,17732471
mariadb,Paris,-,1,27,95457828
resa,Bjarmaland,08-25_Tulludden,1,46,162579345
arbete,Rosenudd,-,1,5,17666863
selma,med_Dups,kajPhone,1,10,35225596
munchen,Die_Zeit,-,1,9,31635896
mariadb,NY,02-22_Twittra,1,1,3510026
resa,Egypten,12-25_Marsa_Alam,1,2,7019263
dagbok,Palast_der_Winde,-,1,2,7006834
resa,Hfors,-,1,8,27983905
mariadb,Indien,11-26_Bengaluru,1,17,59445193
paddla,Styrsholmarna,kajPhone,1,26,90910691
mariadb,Grashoppsmat,-,1,8,27960602
alveskar,andra,11_Solur,1,1,3494154
mariadb,Skrivare,-,1,4,13971909
dagbok,Cuaqamole,-,1,1,3491186
paddla,Kajakmaraton,06-15_AW110,1,21,73238680
paddla,Wattkast,aw110,1,12,41751691
dagbok,Sallad,-,1,1,3473059
fredrika,Yle,-,1,9,31256478
arbete,Footbalance_Bath,-,1,35,121539948
dagbok,S,-,1,4,13889144
fest,Midsommar,-,1,38,131584727
alveskar,lappstugan,09-21_Solnedgang,1,6,20758654
munchen,Rotkreuzplatz,-,1,2,6918979
springa,Safaga_S,-,1,15,51865726
dagbok,Otto_OmNam,-,1,1,3449979
fredrika,Wikimania,08-18,1,12,41369416
fredrika,Svenska_Yle,-,1,17,58543164
selma,Luckputs,-,1,42,144437448
dagbok,Abosushi,-,1,3,10314181
idrott,Alveskar_runt,aw110,1,31,106413334
dagbok,Pepenero,-,1,2,6857368
dagbok,Bergsteiger,-,1,1,3426397
alveskar,lappstugan,11-04_Inventur,1,32,109495087
dagbok,Middag_Hangslax,-,1,2,6842046
furuvik,Under_Gasthuset,-,1,22,75159856
fredrika,Visitkort,-,1,5,17075043
mariadb,Ada_Wei,-,1,2,6822203
paddla,Kajakmaraton,06-16_AW110,1,4,13642591
alveskar,aaro,01-16_Vasthuset,1,5,17044888
alveskar,aaro,02-25_Vasthuset,1,4,13619775
paddla,Prostvik,-,1,20,67892311
springa,Bath,-,1,32,108488570
resa,Hongkong,-,1,34,115251606
mariadb,Shanghai,11-19,1,8,27112980
fredrika,SLS,-,1,3,10143454
dagbok,Schackschuka_Kaj,-,1,3,10141267
dagbok,Hemma,-,1,2,6757948
resa,Egypten,12-15_Packa,1,1,3375075
mariadb,WMF,-,1,10,33680571
alveskar,lappstugan,10-13_Poker,1,29,97565730
idrott,Ahrntal,02-17,1,13,43550172
mariadb,NY,02-25_Pret_a_manger,1,4,13395735
alveskar,aaro,03-15_Vasthuset_3,1,7,23432342
mariadb,Indien,11-27_Hyderabad,1,23,76989928
mariadb,Shanghai,11-21,1,5,16734139
mariadb,Shanghai,11-18,1,23,76910488
dagbok,S_mat,-,1,5,16701164
mariadb,Flyeralarm,01-30_Rollup,1,3,10017248
ick,Nodproviant,-,1,1,3339061
mariadb,Annual_Rpt,-,1,1,3331312
idrott,Ahrntal,02-19,1,26,86610578
alveskar,andra,11-14_Ari,1,3,9967647
fredrika,Efter_Nio,-,1,14,46484176
dagbok,Hugendubel,-,1,1,3318474
springa,Starnberg,-,1,17,56345618
munchen,Starnberg,-,1,5,16518985
mariadb,Shanghai,-,1,1,3287555
alveskar,utrustning,04-26_Varmesvamp,1,3,9836580
fest,Julafton,-,1,12,39322465
resa,Sjoskog_ishockey,-,1,2,6552200
fredrika,Haut-OP,-,1,1,3275655
furuvik,Skoradd,-,1,1,3273316
ick,Putsa_golvsil,-,1,2,6541816
dagbok,Butik,-,1,3,9779277
alveskar,uddbastun,09-22_Inuti,1,4,13035962
mariadb,NY,02-28_Flygbild,1,2,6517339
idrott,Thomas_Huber,-,1,2,6509601
ick,Rullgardin,-,1,1,3252041
dagbok,S,-,1,3,9712091
alveskar,vaststugan,11-04_Fixas,1,8,25886718
ick,Prydligt,-,1,10,32344864
resa,Finlandsflyg,-,1,21,67828215
mariadb,AMS,-,1,2,6457819
alveskar,ute,07-20_Selma,1,12,38702682
munchen,Wiener_Platz,-,1,8,25761962
mariadb,Shanghai,11-17,1,2,6436147
alveskar,uddbastun,09-22_Kammaren,1,4,12865813
resa,Reykjavik,-,1,17,54667142
resa,Island,02-21,1,11,35291866
ick,Hamakabel,-,1,3,9624215
dagbok,Persisk_mat,-,1,3,9614798
resa,London,-,1,68,217248107
mariadb,Shanghai,11-21_Turism,1,13,41529672
idrott,Wolkenstein,03-31_Cinque_Torri,1,36,114704553
mariadb,Kina,-,1,1,3185502
resa,Bjarmaland,08-24,1,34,108040697
alveskar,besok,07-27_Solnedgang,1,67,212742079
dagbok,SoAoR,-,1,12,38081429
mariadb,Booking,-,1,15,47545747
resa,Egypten,12-26_TG4,1,26,82389929
idrott,Kitzbuhel,10-18,1,4,12673799
resa,Egypten,12-26_kajPhone,1,6,18990267
fredrika,Suma_arabisk,-,1,3,9491029
idrott,Ahrntal,02-18,1,65,205167831
dagbok,Lingon,-,1,1,3150408
mariadb,Indonesien,09-11_Flyg,1,3,9449240
paddla,Kajakmaraton,06-16_kajPhone,1,10,31381480
dagbok,S_Haguruma,-,1,2,6264578
alveskar,uddbastun,11-04_Kada,1,3,9393566
alveskar,besok,09-22_Aivar,1,1,3128376
furuvik,Okanda_klader,-,1,1,3123515
munchen,Wiesn_m_A,-,1,47,146803514
mariadb,Zak_M,-,1,2,6226888
portratt,Kaj_indisk_bg,-,1,5,15550026
resa,Island,02-22,1,40,124315311
mariadb,Morozov,-,1,2,6206769
mariadb,Indonesdans,-,1,1,3102158
fredrika,Wuppertal,-,1,4,12401682
alveskar,utrustning,09-23_av_Pyttan,1,14,43263861
resa,Egypten,12-28_Snorkla,1,58,179090178
fredrika,svahnstrom,Nagu juli 1983,1,18,55540881
furuvik,Koket,-,1,1,3078573
idrott,Kitzbuhel,10-17,1,1,3075932
arbete,Yle_Matematik,-,1,1,3074163
dagbok,Artsoppa,-,1,5,15314073
alveskar,utrustning,08-02_Gasflaska,1,3,9181656
dagbok,Artsoppa,-,1,9,27544937
nagu,Hemresa,-,1,2,6120969
resa,Egypten,12-30_Bok,1,1,3060195
furuvik,Proviant,-,1,2,6120127
alveskar,vaststugan,10-13_Inne,1,16,48958227
resa,Kera,-,1,3,9164029
mariadb,AMS,-,1,5,15270177
ick,Skafferi,-,1,1,3046612
alveskar,andra,06_Veikko,1,4,12139339
alveskar,paviljongen,12-09_Dan-skyltar,1,8,24258469
nagu,Hemresa,-,1,6,18169361
nagu,Nagu,-,1,12,36298299
dagbok,S_Mengele,-,1,6,18148542
alveskar,ute,09-21_Utsikt_regn,1,9,27192622
mariadb,Bruno_Haguruma,-,1,2,6030187
dagbok,Haut-OP,-,1,3,9035267
selma,Lowrance_portratt,-,1,3,9033916
dagbok,Artsoppa,-,1,9,27088395
dagbok,Svenja,-,1,2,6018320
dagbok,Bankfack,-,1,7,21056193
dagbok,Tushita,-,1,3,9020373
mariadb,Claude,-,1,1,2997182
dagbok,Fotokonst,-,1,1,2996536
dagbok,Staderskan,-,1,1,2996184
dagbok,Banangrot,-,1,1,2991439
springa,Kuala_Lumpur,-,1,15,44844910
mariadb,Indien,11-27_Pune,1,1,2987085
idrott,Proteinmix,-,1,1,2985501
alveskar,andra,08-03_Veikko,1,5,14880633
bohag,Mentol,-,1,2,5946045
resa,Egypten,12-28_Handdukskonst,1,2,5934175
fredrika,Banner_some,-,1,26,77073735
selma,Selmanyckel,-,1,1,2963780
dagbok,Nagumat,-,1,3,8889340
paddla,Donau,04-20,1,249,737290794
bohag,Gasprimus,-,1,3,8880874
fredrika,Affisch,-,1,6,17756167
dagbok,Matcha_latte,-,1,1,2958839
dagbok,A_Pepenero,-,1,1,2955036
mariadb,PL_AMS,-,1,14,41273303
dagbok,Vatupass,-,1,1,2943526
alveskar,ute,09-22_Eldon,1,2,5884258
selma,Tanka,-,1,3,8823427
dagbok,Lingon,-,1,1,2936504
alveskar,aaro,01-16_Uddbastun,1,5,14662101
resa,Ostfriesen,-,1,4,11728921
dagbok,Artsoppa,-,1,6,17575409
dagbok,Edeka,-,1,1,2915574
alveskar,rita,08-13_Jocke_handritning,1,6,17487973
dagbok,Haguruma,-,1,2,5828816
alveskar,rita,09-03_Strandpaviljongen,1,8,23255032
springa,Reykjavik,kartor,1,3,8681176
alveskar,uddbastun,09-22_Utekoket,1,2,5771083
springa,Manhattan,-,1,6,17286802
dagbok,Togo-mat,-,1,1,2879283
dagbok,Unicef,-,1,2,5756663
selma,Knappar,-,1,1,2874567
mariadb,FOSDEM,02-02,1,30,86110636
nagu,Hemresa,-,1,5,14327478
mariadb,Vitruvian,-,1,33,94537085
fredrika,svahnstrom,-,1,101,289217869
alveskar,besok,06-19_Ol,1,1,2861756
mariadb,Hongkong,-,1,1,2858679
dagbok,Bruno,-,1,4,11417531
dagbok,Matcha_latte,-,1,5,14259569
fredrika,Kultis,-,1,1,2838080
alveskar,uddbastun,08-13_Stege,1,1,2833103
dagbok,Sophia_blodprov,-,1,5,14148512
ick,Whitewall,-,1,2,5646108
dagbok,Astronomi,-,1,3,8459301
fredrika,Boken_kom,-,1,4,11267747
alveskar,andra,09-24_Veikko,1,4,11251031
springa,Split,-,1,10,28079968
alveskar,uddbastun,10-12_Tippor,1,1,2806404
munchen,Hemresa,-,1,4,11205074
mariadb,NY,02-24_HRT,1,3,8403733
ick,Nattgagel,-,1,3,8383104
mariadb,Grankulla,-,1,7,19552094
dagbok,ti_Nagu,-,1,7,19534641
mariadb,Flyeralarm,01-31_Flyeralarm,1,8,22256119
resa,Bjarmaland,kartor,1,17,47294058
dagbok,EU-val,-,1,1,2776658
dagbok,Trump-bok,-,1,8,22072904
alveskar,rita,10-11_Tesla_Alveskar,1,8,21968567
dagbok,Pepenero,-,1,3,8213269
dagbok,Byxstorlek,-,1,1,2734422
dagbok,Harari,-,1,1,2733637
resa,Budapest,04-19,1,62,169479912
dagbok,Joybrau,-,1,2,5432867
dagbok,Mat,-,1,1,2713229
idrott,Wolkenstein,04-04_Seceda,1,20,54170643
fredrika,Finlands_historia,-,1,1,2707074
alveskar,lidret,06-17_Lidret,1,4,10825930
dagbok,Akupunktur,-,1,4,10792759
fredrika,Rosie_boksalg,-,1,4,10770947
alveskar,vaststugan,09-22_Inomhus,1,2,5372646
dagbok,Mat,-,1,1,2680824
mariadb,Singapore,09-13,1,2,5352621
resa,LH_HEL-MUC,-,1,2,5334702
alveskar,rita,11-02_Solur,1,4,10662351
dagbok,till_Finland,-,1,4,10626696
furuvik,AoR-lakan,-,1,2,5291492
ick,Slang,-,1,1,2636671
dagbok,Julklappar,-,1,2,5271810
dagbok,EOFT,-,1,3,7878594
furuvik,Telefon,-,1,1,2617068
springa,Marienklause,-,1,2,5233959
mariadb,Board,-,1,10,26164116
mariadb,NY,02-25_Tom_Basil,1,11,28761390
mariadb,kajarnofi,artiklar,1,14,36441387
fredrika,Julfest,-,1,13,33702168
dagbok,S_tefon,-,1,1,2583534
mariadb,Indien,11-26_Hyderabad,1,1,2579873
resa,Flyg_Ulvsö,-,1,6,15477320
dagbok,A,-,1,2,5147559
furuvik,Gront,-,1,4,10288935
alveskar,rita,08-12_Aivar_diarrhoea,1,3,7704808
dagbok,Bamyan_Narges,-,1,1,2566921
fredrika,Svenska_klubben,-,1,11,28220522
furuvik,Nyckelknippe,-,1,1,2538165
furuvik,Lampa,-,1,1,2530975
alveskar,smr,05-09_SMR,1,1,2519137
alveskar,uddbastun,08-01_Uddbastun,1,1,2507032
resa,Bjarmaland,08-22,1,14,35051805
alveskar,vaststugan,05-23_Vaststugan,1,3,7508481
fredrika,Wikimania,08-15,1,31,77204702
dagbok,S,-,1,3,7465455
idrott,Wolkenstein,04-03_Porto_Vescovo,1,34,84327900
furuvik,Bladdra,-,1,1,2465744
fredrika,Nagu-layout,-,1,10,24578101
springa,Kina,-,1,1,2457262
portratt,Kaj_skagg,-,1,12,29425029
dagbok,Mat,-,1,1,2439897
furuvik,S_hemat,-,1,3,7288515
dagbok,Medusin,-,1,1,2422327
mariadb,Kina,03-14_Kina,1,7,16917052
fredrika,svahnstrom,dior från Nagu,1,20,48299584
fredrika,Projekt_Fredrika,-,1,6,14428436
dagbok,Chirashi,-,1,4,9584610
fredrika,Karis,-,1,2,4783524
dagbok,Mat_av_Kaj,-,1,1,2386813
dagbok,S,-,1,16,38029137
mariadb,Post_Vicentiu,-,1,1,2365608
mariadb,Singapore,09-16,1,3,7092854
dagbok,Mat,-,1,1,2361276
idrott,Wolkenstein,04-01_Orange-gron,1,44,103432583
dagbok,Yle_Nojespark,-,1,4,9375203
dagbok,A-flytt,-,1,11,25665576
furuvik,Natt,-,1,2,4662911
alveskar,ute,10-12_El_kapacitet,1,1,2327712
dagbok,Bruno,-,1,2,4642695
resa,Abo,-,1,1,2305440
dagbok,S_pask,-,1,1,2288922
dagbok,Hem_Sjoskog,-,1,2,4533571
fredrika,svahnstrom,Börje Ridderstads bilder från Nagu,1,31,69877104
fredrika,svahnstrom,bilder för beställning mars 2018,1,36,80214851
paddla,Kajakmaraton,kartor,1,13,28907315
ick,Senjatavla,-,1,6,13302518
fredrika,svahnstrom,Kelkka,1,18,39624521
selma,Selma,-,1,13,28607990
dagbok,Lacker_Kaj-mat,-,1,3,6598876
alveskar,utrustning,07-15_Drasut-skylt,1,2,4398908
dagbok,S_Vodafone,-,1,5,10912933
alveskar,aaro,04-14_Aaro_ritar,1,5,10727139
alveskar,uddbastun,10-13_Nattbadibunka,1,5,10657348
dagbok,Potatisoga,-,1,1,2126773
dagbok,Stina,-,1,1,2111501
mariadb,NY,02-27_Intel,1,2,4206531
dagbok,K_hals,-,1,2,4161953
mariadb,Greenscreen,-,1,1,2067452
resa,Kuala_Lumpur,09-15,1,7,14403785
dagbok,S-sushi,-,1,18,36857636
fredrika,Kalender,-,1,7,14307357
idrott,Wolkenstein,04-06_orange,1,6,12188756
springa,Safaga_1212,-,1,10,19873935
resa,Rumanien,06-07,1,1,1968156
dagbok,Ola_Ahlvarson,-,1,1,1935270
alveskar,rita,11-25_TIdningen,4,8,15008403
fredrika,svahnstrom,bok om Nagu,1,34,63708730
fredrika,Usv_Nagu,-,1,3,5590526
dagbok,Hemflyg,-,1,2,3711337
dagbok,Tandborste,-,1,1,1853079
mariadb,FOSDEM,02-01,1,6,11113841
mariadb,Pass,-,1,2,3694679
springa,Shanghai,-,1,7,12872384
fredrika,svahnstrom,Jälist bilder och skannade texter,44,661,1202328944
paddla,Wattkast,kajPhone,1,8,14456337
dagbok,AoR-flyg,-,1,2,3575648
fredrika,Nagu_oar,-,1,1,1699528
portratt,Portrait_Kaj_Nagu,-,1,2,3338737
alveskar,andra,12-25_Jaak,1,1,1630753
dagbok,Spotify,-,1,1,1621762
alveskar,uddbastun,09-21_Bada_bastu,1,12,19129963
alveskar,andra,05_Ari_Vasthuset,1,5,7814097
dagbok,Bruno,-,1,3,4648728
alveskar,utrustning,05-06_Pyttanprydnader,1,6,9296697
dagbok,EU-fragesport,-,1,4,6162755
dagbok,Zahnarzt,-,1,4,6079574
portratt,Kaj_Matrjoschka,-,1,1,1511046
dagbok,Yle,-,1,9,13450540
nagu,Jitukastet_dronare,-,1,8,11668151
fredrika,HBL,-,1,2,2905214
fredrika,Amos_Rex,-,1,1,1446296
dagbok,Ki,-,1,2,2882409
fredrika,svahnstrom,Världens längsta bord 2011,1,5,7198435
resa,Bjarmaland,ritningar,1,2,2852694
dagbok,Far-far_alder,-,1,3,4249482
alveskar,smr,04_Janne,1,9,12674136
alveskar,andra,08-12_Veikko,1,3,4207841
fredrika,svahnstrom,bilder till beställning 2012,1,92,126886602
mariadb,Intel,-,1,4,5513093
alveskar,andra,09-27_Strandpaviljong_Aaro,1,7,9419844
alveskar,andra,06_Ari_Uddbastun,1,5,6630164
todo,-,-,1,53,69882756
idrott,Ahrntal,kartor,1,7,8916252
dagbok,Knut,-,1,1,1184575
alveskar,andra,10-12_Poker,1,17,19741914
alveskar,smr,11-05_Bryggkostnad,1,1,1154528
alveskar,aaro,03-28_Situationsplan,1,4,4471732
fredrika,Trollmor,-,1,4,4467076
alveskar,rita,06_Selmbahnnetz,1,6,6620456
dagbok,S_Indonesien,-,1,44,46148898
dagbok,Bruno,-,1,13,12837508
dagbok,Einbuergerung,-,1,2,1970722
alveskar,vaststugan,03-28_Vasthuset,1,28,26645165
alveskar,aivar,08-11_Aivar_verandan,1,1,894091
dagbok,Bruno,-,1,4,3547901
mariadb,org_social,-,1,4,3512547
dagbok,Bruno,-,1,8,7006079
fredrika,Wikimania,08-14,1,9,7838351
alveskar,uddbastun,03-28_Uddbastun,1,23,19867087
dagbok,S_Banff,-,1,10,8541225
mariadb,Gratulis_QIngling,-,1,2,1678984
portratt,Bertel_Nagubo,-,1,1,830640
fredrika,Diverse,-,1,7,5581430
fredrika,USv_N_berom,-,1,1,778994
alveskar,rita,11-10_Kaj_ritar,1,8,6192698
fredrika,Fredrika_Luckan,-,1,18,13810978
springa,Robert_Hagalund,-,1,1,755347
fredrika,U_Nagu,-,1,5,3742737
dagbok,Bruno,-,1,21,15674698
mariadb,WeChat,-,1,3,2194752
springa,Chennai,-,1,2,1444699
mariadb,Alibaba,-,1,7,4869346
mariadb,MariaDB-MySQL,-,1,1,685275
fredrika, Uppslagsverket_Nagu_Fred,-,1,3,2051062
mariadb,Indien,11-30_Prashant,1,5,3226309
arbete,Forum,-,1,2,1253776
mariadb,FOSDEM,02-04_Flyg,1,2,1217886
fredrika,Fredrika,-,1,9,5120307
fredrika,Vykort,-,1,7,3981132
springa,Robert,-,1,1,564660
nagu,Naguvagen,-,1,1,549328
alveskar,rita,08-11_Intro_A,1,15,8239747
fredrika,Sommarpratare,-,1,1,533527
springa,Robert,-,1,1,531368
dagbok,Bruno,-,1,5,2649316
mariadb,FOSDEM,02-05_Flyg,1,1,513622
alveskar,aaro,05-07_Uddbastun_7,1,1,510127
dagbok,Spotify,-,1,1,497712
alveskar,andra,04-29_Jocke_Vaststugan,1,15,7393617
dagbok,S,-,1,19,9035048
fredrika,Rackete,-,1,1,436226
alveskar,andra,04-29_Jocke_Uddbastun,1,45,19102471
fredrika,svahnstrom,bilder från Nagu ur Maggie o Göstas första album,1,72,29912520
dagbok,S_D-dorf,-,1,1,403734
alveskar,aaro,07-21_Onsen_10,1,12,4683678
dagbok,TF-tack,-,1,1,389088
alveskar,aaro,04-17_Uddbastun_3,1,4,1521226
hus,Skaren_lagvatten,-,1,17,6406340
mariadb,Logo-todo,-,1,1,371711
dagbok,Pyttan,-,1,3,1112386
mariadb,Annual_Report,02-11_Parmen,1,4,1469919
dagbok,Riksdagsval,-,1,8,2859108
dagbok,S_NY,-,1,9,3191982
fredrika,Fredrika,-,1,2,704734
alveskar,andra,10-13_H_Back,1,3,1051355
alveskar,aaro,07-18_Onsen_9,1,5,1724683
nagu,Dronare_sma,-,1,29,9923038
fredrika,WhatsApp,-,1,29,9872375
alveskar,rita,09-27_Bojplatser,1,5,1671150
alveskar,rita,08-10_Kaj-ritningar,1,14,4678107
furuvik,Dronare,-,1,13,4311778
mariadb,Flyeralarm,01-22_QR-kod,1,2,653818
fredrika,Planscher,-,1,17,5322265
furuvik,Katamaran,-,1,1,306235
mariadb,Todo,-,1,4,1189670
furuvik,Pyttangrejor,-,1,2,591283
alveskar,aaro,05-31_Paviljong_3,1,6,1759441
fredrika,svahnstrom,bilder för beställning 16 juli 2018,1,24,7022042
alveskar,aaro,05-06_Uddbastun_6,1,6,1752455
dagbok,S_Vietnam,-,1,22,6214647
dagbok,Maria_ritar,-,1,1,277483
fredrika,logor,-,1,3,826484
fredrika,XML,-,1,2,536323
mariadb,FOSDEM,02-04_Fia-smakprov,1,7,1833464
fredrika,Nagu-Wikipedia,-,1,15,3908029
dagbok,Sophia,-,1,1,259505
fredrika,Wikimania,-,1,1,253161
idrott,Wolkenstein,ritningar,1,2,494140
dagbok,S_vandra,-,1,2,487204
mariadb,mariadb_org,-,1,9,2181812
furuvik,Silver,-,1,3,724398
mariadb,Open_Ocean,-,1,1,231776
dagbok,Robert_S,-,1,1,230213
mariadb,Monty_plansch_Kina,-,1,2,452481
fredrika,Andelsbanken,-,1,2,445433
resa,Bjarmaland,08-24_Bjarmavandra,1,12,2648957
mariadb,MariaDB_University,-,1,5,1095180
furuvik,kartor,nagu_oar,1,5,1083938
paddla,C-M_ensam,-,1,4,854875
fredrika,Wikitrovardig,-,1,1,213578
alveskar,besok,05-03_Sociala_medier,1,4,839714
dagbok,Sophia,-,1,1,203555
idrott,Ahrntal,02-18_Ahrntal,1,1,199977
fredrika,OSM_Nagu,-,1,1,198120
fredrika,OSM,-,1,3,591637
mariadb,IIT_Bombay_av_dem,-,1,6,1145793
mariadb,Monty,-,1,6,1135495
mariadb,Hos_Monty,-,1,2,377721
dagbok,Bruno,-,1,12,2261245
dagbok,Skarenleksaksbil,-,1,2,376203
alveskar,andra,10-13_Poker,1,13,2427618
fredrika,TV-nytt,-,1,5,924650
mariadb,kajarnofi,bg,1,1,179664
furuvik,Choklad,-,1,1,172782
mariadb,Indonesien,av_whatsapp,1,31,5350430
furuvik,Janne_sno,-,1,1,172249
alveskar,rita,05_Intel,1,3,494276
dagbok,Lasse_Alve,-,1,1,164216
fredrika,WhatsApp,-,1,3,487522
mariadb,Kina,03-26_Rich_relationship,1,1,156995
mariadb,David,-,1,2,313205
mariadb,kaj.arno.fi,-,1,1,151219
mariadb,Monty_prof_cn,-,1,3,451156
alveskar,andra,10_Aivar,1,12,1788962
fredrika,AU,-,1,4,558422
mariadb,T-skjortsbild,-,1,1,136283
mariadb,org_websida,-,1,10,1299069
fredrika,PF-logga,-,1,3,382062
dagbok,S,-,1,1,126771
mariadb,Monty_cache,-,1,6,722558
dagbok,Aufkleber,-,1,3,338494
alveskar,andra,09_Aivar,1,19,2112490
paddla,Hitis-sjonod,-,1,3,320212
mariadb,Singapore,plan_pics,1,1,104039
dagbok,S,-,1,1,101558
alveskar,aaro,03-03_Uddbastun_1,1,4,402484
alveskar,andra,10-19_Bastustaka_Calce,1,1,99559
dagbok,Ki,-,1,5,479258
fredrika,Matilda,-,1,2,190869
portratt,Efter_Nio,-,1,1,93602
mariadb,MariaDBorg,-,1,4,369855
mariadb,Berom_EricH,-,1,1,90417
mariadb,Logor,-,1,3,263164
mariadb,Logga,01-14_Logga,1,1,86999
alveskar,aivar,08_Aivar,1,2,169497
mariadb,Full_Monty,-,1,2,167656
dagbok,Ogonoperation,-,1,1,81394
dagbok,Ki_skida,-,1,12,958525
alveskar,smr,05_Janne,1,5,393662
resa,Budapest,04-12_Ortsval,1,2,157321
alveskar,rita,10-24_Sagbock,1,3,217046
alveskar,aaro,03-03_Vasthuset_1,1,4,287361
dagbok,EU-Sophia,-,1,1,69020
fredrika,Logor,-,1,10,665743
dagbok,Annika,-,1,1,64244
dagbok,Messner,-,1,2,125971
fredrika,Boken_tryckt,-,1,3,187567
mariadb,Logga,01-13_Logon_Morozov,1,11,676830
fredrika,Wikipedia,-,1,1,54073
mariadb,Oracle_roadshow,-,1,1,52736
springa,Springstat,-,1,1,50026
alveskar,andra,07_Ari_Racke,1,3,147163
fredrika,Beviljad,-,1,3,107660
mariadb,Logga,01-21_Logga,1,2,59628
alveskar,andra,08-12_Skylt,1,1,21473
alveskar,aaro,-,1,1,10244
alveskar,andra,-,1,1,10244
alveskar,-,-,1,1,8196
alveskar,dronare,-,1,1,8196
mariadb,-,-,1,1,8196
mariadb,kajarnofi,-,1,1,8196
alveskar,aivar,-,1,1,6148
alveskar,paviljongen,-,1,1,6148
alveskar,rita,-,1,1,6148
alveskar,smr,-,1,1,6148
alveskar,uddbastun,-,1,1,6148
alveskar,vaststugan,-,1,1,6148
dagbok,-,-,1,1,6148
fredrika,-,-,1,1,6148
hus,-,-,1,1,6148
idrott,Ahrntal,-,1,1,6148
mariadb,Fia,-,1,1,6148
mariadb,FOSDEM,-,1,1,6148
mariadb,NY,-,1,1,6148
mariadb,Fia,-,1,1,6148
mariadb,Shanghai,-,1,1,6148
nagu,-,-,1,1,6148
paddla,Kajakmaraton,-,1,1,6148
paddla,Algeskar,-,1,1,6148
paddla,Styrsholmarna,-,1,1,6148
portratt,-,-,1,1,6148
resa,-,-,1,1,6148
resa,Bjarmaland,-,1,1,6148
selma,-,-,1,1,6148
springa,-,-,1,1,6148
springa,Reykjavik,-,1,1,6148